,points_global
0,"[[581.0, 1023.0, 0]]"
1,"[[533.0, 1023.0, 0], [537.0, 1023.0, 0]]"
2,"[[63.0, 1016.0, 0], [64.0, 1016.0, 0], [65.0, 1015.0, 0], [63.0, 1015.0, 0]]"
3,"[[0.0, 1015.0, 0], [0.0, 1019.0, 0]]"
4,"[[1023.0, 1009.0, 0], [1023.0, 1016.0, 0]]"
5,"[[961.0, 1007.0, 0]]"
6,"[[422.0, 1007.0, 0]]"
7,"[[663.0, 1005.0, 0], [662.0, 1005.0, 0], [662.0, 1006.0, 0]]"
8,"[[26.0, 1004.0, 0], [25.0, 1005.0, 0], [26.0, 1005.0, 0]]"
9,"[[947.0, 1003.0, 0], [947.0, 1004.0, 0], [946.0, 1005.0, 0], [948.0, 1005.0, 0], [949.0, 1004.0, 0], [950.0, 1005.0, 0], [950.0, 1009.0, 0], [953.0, 1009.0, 0], [953.0, 1008.0, 0], [952.0, 1007.0, 0], [952.0, 1006.0, 0], [951.0, 1005.0, 0], [951.0, 1004.0, 0], [950.0, 1004.0, 0], [949.0, 1003.0, 0]]"
10,"[[651.0, 1002.0, 0], [650.0, 1003.0, 0], [651.0, 1004.0, 0], [652.0, 1003.0, 0]]"
11,"[[56.0, 1001.0, 0], [53.0, 1001.0, 0], [51.0, 1003.0, 0], [51.0, 1007.0, 0], [53.0, 1009.0, 0], [54.0, 1008.0, 0], [54.0, 1005.0, 0], [56.0, 1003.0, 0]]"
12,"[[1023.0, 999.0, 0], [1023.0, 1000.0, 0]]"
13,"[[624.0, 998.0, 0], [624.0, 999.0, 0], [623.0, 1000.0, 0], [623.0, 1002.0, 0], [624.0, 1003.0, 0], [626.0, 1003.0, 0], [626.0, 1002.0, 0], [627.0, 1001.0, 0], [627.0, 999.0, 0], [626.0, 998.0, 0]]"
14,"[[885.0, 997.0, 0]]"
15,"[[871.0, 998.0, 0], [873.0, 1001.0, 0], [873.0, 1004.0, 0], [872.0, 1005.0, 0], [872.0, 1010.0, 0], [873.0, 1011.0, 0], [877.0, 1009.0, 0], [884.0, 1009.0, 0], [888.0, 1004.0, 0], [888.0, 1002.0, 0], [886.0, 999.0, 0], [882.0, 1002.0, 0], [881.0, 1007.0, 0], [878.0, 1008.0, 0], [876.0, 1006.0, 0], [876.0, 1000.0, 0], [873.0, 997.0, 0]]"
16,"[[742.0, 1002.0, 0], [746.0, 1002.0, 0], [747.0, 1001.0, 0], [747.0, 1000.0, 0], [750.0, 997.0, 0], [751.0, 998.0, 0], [754.0, 999.0, 0], [754.0, 997.0, 0], [747.0, 997.0, 0], [745.0, 999.0, 0], [742.0, 1000.0, 0]]"
17,"[[648.0, 997.0, 0], [648.0, 998.0, 0], [649.0, 998.0, 0], [649.0, 997.0, 0]]"
18,"[[581.0, 997.0, 0], [581.0, 998.0, 0], [580.0, 999.0, 0], [580.0, 1000.0, 0], [581.0, 1001.0, 0], [581.0, 1002.0, 0], [585.0, 1002.0, 0], [585.0, 999.0, 0], [584.0, 998.0, 0], [583.0, 998.0, 0], [582.0, 997.0, 0]]"
19,"[[257.0, 998.0, 0], [255.0, 998.0, 0], [254.0, 997.0, 0], [253.0, 998.0, 0], [252.0, 998.0, 0], [252.0, 999.0, 0], [250.0, 1001.0, 0], [250.0, 1002.0, 0], [251.0, 1003.0, 0], [255.0, 1003.0, 0], [256.0, 1002.0, 0], [256.0, 999.0, 0]]"
20,"[[268.0, 994.0, 0], [267.0, 993.0, 0], [266.0, 994.0, 0]]"
21,"[[674.0, 991.0, 0]]"
22,"[[561.0, 991.0, 0], [561.0, 992.0, 0]]"
23,"[[757.0, 997.0, 0], [761.0, 997.0, 0], [762.0, 996.0, 0], [766.0, 996.0, 0], [767.0, 995.0, 0], [769.0, 995.0, 0], [770.0, 994.0, 0], [770.0, 992.0, 0], [768.0, 990.0, 0], [761.0, 990.0, 0], [760.0, 991.0, 0], [759.0, 991.0, 0], [757.0, 993.0, 0]]"
24,"[[742.0, 987.0, 0], [743.0, 987.0, 0]]"
25,"[[716.0, 987.0, 0], [715.0, 988.0, 0], [715.0, 990.0, 0], [716.0, 989.0, 0]]"
26,"[[286.0, 985.0, 0]]"
27,"[[154.0, 985.0, 0], [151.0, 985.0, 0], [151.0, 988.0, 0], [152.0, 988.0, 0], [152.0, 987.0, 0], [153.0, 986.0, 0], [154.0, 986.0, 0]]"
28,"[[384.0, 982.0, 0], [381.0, 982.0, 0], [378.0, 985.0, 0], [378.0, 989.0, 0], [379.0, 990.0, 0], [380.0, 990.0, 0], [382.0, 988.0, 0], [383.0, 988.0, 0], [384.0, 987.0, 0], [385.0, 987.0, 0], [386.0, 986.0, 0], [386.0, 985.0, 0], [385.0, 984.0, 0], [385.0, 983.0, 0]]"
29,"[[244.0, 982.0, 0], [242.0, 982.0, 0], [240.0, 984.0, 0], [240.0, 986.0, 0], [241.0, 987.0, 0], [242.0, 987.0, 0], [242.0, 986.0, 0], [244.0, 984.0, 0]]"
30,"[[715.0, 981.0, 0], [716.0, 982.0, 0], [716.0, 983.0, 0], [718.0, 983.0, 0], [721.0, 980.0, 0], [722.0, 980.0, 0], [723.0, 979.0, 0], [716.0, 979.0, 0], [715.0, 980.0, 0]]"
31,"[[636.0, 979.0, 0], [636.0, 981.0, 0], [637.0, 981.0, 0], [637.0, 979.0, 0]]"
32,"[[249.0, 977.0, 0], [248.0, 978.0, 0], [249.0, 979.0, 0], [250.0, 979.0, 0], [250.0, 978.0, 0]]"
33,"[[552.0, 974.0, 0], [551.0, 973.0, 0], [550.0, 974.0, 0]]"
34,"[[807.0, 971.0, 0], [806.0, 972.0, 0], [806.0, 975.0, 0], [807.0, 974.0, 0]]"
35,"[[836.0, 970.0, 0], [836.0, 972.0, 0], [837.0, 973.0, 0], [839.0, 973.0, 0], [840.0, 972.0, 0], [841.0, 972.0, 0], [844.0, 974.0, 0], [846.0, 974.0, 0], [848.0, 972.0, 0], [845.0, 969.0, 0], [837.0, 969.0, 0]]"
36,"[[579.0, 966.0, 0], [578.0, 966.0, 0], [577.0, 967.0, 0], [577.0, 970.0, 0], [576.0, 971.0, 0], [576.0, 972.0, 0], [578.0, 972.0, 0], [578.0, 969.0, 0], [579.0, 968.0, 0]]"
37,"[[108.0, 963.0, 0], [106.0, 963.0, 0], [104.0, 965.0, 0], [104.0, 966.0, 0], [102.0, 968.0, 0], [102.0, 970.0, 0], [103.0, 969.0, 0], [106.0, 969.0, 0], [107.0, 968.0, 0], [107.0, 965.0, 0], [108.0, 964.0, 0]]"
38,"[[792.0, 962.0, 0], [792.0, 964.0, 0], [793.0, 965.0, 0], [794.0, 965.0, 0], [794.0, 963.0, 0], [793.0, 962.0, 0]]"
39,"[[568.0, 961.0, 0], [567.0, 961.0, 0], [566.0, 962.0, 0], [568.0, 962.0, 0]]"
40,"[[382.0, 957.0, 0], [382.0, 958.0, 0], [385.0, 958.0, 0], [385.0, 957.0, 0], [384.0, 956.0, 0], [383.0, 956.0, 0]]"
41,"[[537.0, 954.0, 0], [537.0, 956.0, 0], [538.0, 956.0, 0], [538.0, 954.0, 0]]"
42,"[[187.0, 954.0, 0], [189.0, 956.0, 0], [190.0, 955.0, 0], [189.0, 954.0, 0]]"
43,"[[710.0, 952.0, 0]]"
44,"[[701.0, 948.0, 0], [698.0, 948.0, 0], [698.0, 954.0, 0], [699.0, 954.0, 0], [700.0, 953.0, 0], [700.0, 952.0, 0], [701.0, 951.0, 0]]"
45,"[[11.0, 948.0, 0], [11.0, 949.0, 0], [12.0, 950.0, 0], [11.0, 949.0, 0]]"
46,"[[871.0, 946.0, 0], [871.0, 948.0, 0], [872.0, 948.0, 0], [872.0, 946.0, 0]]"
47,"[[1023.0, 943.0, 0], [1023.0, 944.0, 0]]"
48,"[[476.0, 945.0, 0], [476.0, 946.0, 0], [477.0, 947.0, 0], [480.0, 947.0, 0], [481.0, 946.0, 0], [482.0, 946.0, 0], [481.0, 945.0, 0], [480.0, 945.0, 0], [479.0, 944.0, 0], [479.0, 943.0, 0], [478.0, 942.0, 0], [477.0, 943.0, 0], [477.0, 944.0, 0]]"
49,"[[202.0, 942.0, 0]]"
50,"[[126.0, 942.0, 0], [127.0, 942.0, 0]]"
51,"[[993.0, 940.0, 0], [992.0, 941.0, 0], [991.0, 941.0, 0], [993.0, 943.0, 0], [994.0, 942.0, 0], [994.0, 941.0, 0]]"
52,"[[486.0, 940.0, 0], [486.0, 942.0, 0], [487.0, 942.0, 0], [487.0, 940.0, 0]]"
53,"[[795.0, 938.0, 0], [782.0, 939.0, 0], [775.0, 943.0, 0], [775.0, 947.0, 0], [779.0, 948.0, 0], [784.0, 956.0, 0], [779.0, 960.0, 0], [784.0, 970.0, 0], [783.0, 975.0, 0], [788.0, 977.0, 0], [789.0, 980.0, 0], [795.0, 977.0, 0], [790.0, 976.0, 0], [786.0, 969.0, 0], [789.0, 963.0, 0], [787.0, 955.0, 0], [794.0, 951.0, 0], [792.0, 946.0, 0], [796.0, 945.0, 0]]"
54,"[[703.0, 939.0, 0], [702.0, 938.0, 0], [701.0, 939.0, 0]]"
55,"[[336.0, 936.0, 0], [336.0, 937.0, 0]]"
56,"[[335.0, 934.0, 0]]"
57,"[[857.0, 931.0, 0], [856.0, 932.0, 0], [856.0, 934.0, 0], [857.0, 935.0, 0], [857.0, 936.0, 0], [858.0, 937.0, 0], [858.0, 931.0, 0]]"
58,"[[530.0, 932.0, 0], [531.0, 933.0, 0], [531.0, 934.0, 0], [532.0, 934.0, 0], [533.0, 935.0, 0], [535.0, 935.0, 0], [536.0, 934.0, 0], [534.0, 932.0, 0], [533.0, 932.0, 0], [532.0, 931.0, 0], [531.0, 932.0, 0]]"
59,"[[1023.0, 929.0, 0], [1023.0, 941.0, 0]]"
60,"[[329.0, 928.0, 0], [328.0, 928.0, 0], [327.0, 929.0, 0], [326.0, 929.0, 0], [325.0, 930.0, 0], [325.0, 932.0, 0], [326.0, 931.0, 0], [328.0, 931.0, 0], [329.0, 930.0, 0]]"
61,"[[828.0, 926.0, 0], [827.0, 927.0, 0], [828.0, 928.0, 0], [829.0, 928.0, 0], [829.0, 926.0, 0]]"
62,"[[794.0, 926.0, 0], [793.0, 927.0, 0], [794.0, 927.0, 0], [797.0, 930.0, 0], [797.0, 932.0, 0], [798.0, 932.0, 0], [801.0, 934.0, 0], [802.0, 933.0, 0], [802.0, 932.0, 0], [801.0, 932.0, 0], [800.0, 931.0, 0], [802.0, 929.0, 0], [804.0, 929.0, 0], [804.0, 926.0, 0]]"
63,"[[1.0, 926.0, 0], [1.0, 931.0, 0]]"
64,"[[816.0, 925.0, 0], [815.0, 926.0, 0], [815.0, 927.0, 0], [817.0, 929.0, 0], [817.0, 926.0, 0]]"
65,"[[210.0, 924.0, 0], [209.0, 924.0, 0], [208.0, 925.0, 0], [208.0, 929.0, 0], [209.0, 930.0, 0], [211.0, 928.0, 0], [211.0, 925.0, 0]]"
66,"[[134.0, 925.0, 0], [134.0, 926.0, 0], [135.0, 927.0, 0], [135.0, 928.0, 0], [141.0, 928.0, 0], [141.0, 926.0, 0], [140.0, 926.0, 0], [138.0, 924.0, 0], [135.0, 924.0, 0]]"
67,"[[80.0, 924.0, 0], [79.0, 925.0, 0], [79.0, 926.0, 0], [80.0, 927.0, 0]]"
68,"[[845.0, 921.0, 0], [844.0, 922.0, 0], [844.0, 923.0, 0], [845.0, 924.0, 0], [845.0, 930.0, 0], [846.0, 931.0, 0], [850.0, 931.0, 0], [850.0, 928.0, 0], [852.0, 926.0, 0], [852.0, 924.0, 0], [850.0, 922.0, 0], [847.0, 922.0, 0], [846.0, 921.0, 0]]"
69,"[[67.0, 920.0, 0], [69.0, 920.0, 0], [70.0, 919.0, 0], [72.0, 919.0, 0], [67.0, 919.0, 0]]"
70,"[[858.0, 919.0, 0], [858.0, 922.0, 0], [859.0, 923.0, 0], [859.0, 924.0, 0], [861.0, 924.0, 0], [863.0, 922.0, 0], [864.0, 922.0, 0], [865.0, 921.0, 0], [866.0, 921.0, 0], [865.0, 921.0, 0], [862.0, 918.0, 0], [860.0, 918.0, 0], [859.0, 919.0, 0]]"
71,"[[418.0, 918.0, 0], [417.0, 917.0, 0], [416.0, 917.0, 0], [415.0, 918.0, 0], [415.0, 920.0, 0], [417.0, 920.0, 0], [418.0, 919.0, 0]]"
72,"[[404.0, 915.0, 0], [404.0, 916.0, 0], [405.0, 916.0, 0], [405.0, 915.0, 0]]"
73,"[[409.0, 914.0, 0], [408.0, 915.0, 0], [409.0, 916.0, 0]]"
74,"[[211.0, 916.0, 0], [211.0, 918.0, 0], [219.0, 918.0, 0], [220.0, 917.0, 0], [220.0, 915.0, 0], [217.0, 915.0, 0], [216.0, 914.0, 0], [214.0, 914.0, 0], [213.0, 915.0, 0], [212.0, 915.0, 0]]"
75,"[[433.0, 914.0, 0], [435.0, 914.0, 0], [436.0, 915.0, 0], [439.0, 915.0, 0], [439.0, 914.0, 0], [438.0, 913.0, 0], [435.0, 913.0, 0], [434.0, 914.0, 0]]"
76,"[[41.0, 909.0, 0], [41.0, 910.0, 0], [42.0, 911.0, 0], [43.0, 911.0, 0], [44.0, 910.0, 0], [43.0, 909.0, 0]]"
77,"[[909.0, 907.0, 0]]"
78,"[[314.0, 906.0, 0], [315.0, 906.0, 0], [316.0, 907.0, 0], [318.0, 907.0, 0], [318.0, 905.0, 0], [316.0, 905.0, 0], [315.0, 906.0, 0]]"
79,"[[484.0, 904.0, 0], [483.0, 904.0, 0], [482.0, 905.0, 0], [483.0, 905.0, 0]]"
80,"[[77.0, 901.0, 0], [77.0, 902.0, 0], [76.0, 903.0, 0], [77.0, 903.0, 0]]"
81,"[[26.0, 898.0, 0], [25.0, 899.0, 0], [25.0, 903.0, 0], [26.0, 904.0, 0], [26.0, 906.0, 0], [27.0, 907.0, 0], [29.0, 907.0, 0], [31.0, 905.0, 0], [31.0, 904.0, 0], [30.0, 905.0, 0], [28.0, 903.0, 0], [28.0, 902.0, 0], [27.0, 901.0, 0], [27.0, 900.0, 0], [26.0, 899.0, 0]]"
82,"[[469.0, 897.0, 0]]"
83,"[[100.0, 896.0, 0], [100.0, 898.0, 0], [101.0, 898.0, 0], [100.0, 897.0, 0]]"
84,"[[299.0, 895.0, 0], [299.0, 896.0, 0]]"
85,"[[147.0, 895.0, 0], [145.0, 897.0, 0], [143.0, 897.0, 0], [142.0, 896.0, 0], [141.0, 896.0, 0], [138.0, 899.0, 0], [139.0, 900.0, 0], [141.0, 900.0, 0], [142.0, 899.0, 0], [143.0, 899.0, 0], [144.0, 898.0, 0], [147.0, 898.0, 0]]"
86,"[[34.0, 895.0, 0], [34.0, 897.0, 0], [36.0, 897.0, 0], [36.0, 895.0, 0]]"
87,"[[17.0, 894.0, 0], [16.0, 895.0, 0], [16.0, 897.0, 0], [17.0, 898.0, 0], [19.0, 896.0, 0], [19.0, 895.0, 0], [18.0, 895.0, 0]]"
88,"[[593.0, 893.0, 0], [594.0, 893.0, 0]]"
89,"[[775.0, 891.0, 0], [776.0, 891.0, 0]]"
90,"[[478.0, 890.0, 0], [477.0, 891.0, 0], [478.0, 891.0, 0]]"
91,"[[592.0, 887.0, 0], [593.0, 888.0, 0], [593.0, 887.0, 0]]"
92,"[[560.0, 888.0, 0], [558.0, 886.0, 0], [557.0, 887.0, 0], [556.0, 887.0, 0], [555.0, 888.0, 0], [556.0, 889.0, 0], [555.0, 890.0, 0], [555.0, 891.0, 0], [559.0, 891.0, 0], [560.0, 890.0, 0]]"
93,"[[1023.0, 884.0, 0], [1023.0, 893.0, 0]]"
94,"[[294.0, 884.0, 0], [294.0, 885.0, 0], [295.0, 886.0, 0], [296.0, 886.0, 0], [296.0, 884.0, 0]]"
95,"[[833.0, 882.0, 0], [834.0, 882.0, 0]]"
96,"[[833.0, 880.0, 0]]"
97,"[[670.0, 880.0, 0], [670.0, 883.0, 0], [671.0, 884.0, 0], [673.0, 884.0, 0], [673.0, 882.0, 0], [671.0, 880.0, 0]]"
98,"[[88.0, 878.0, 0], [88.0, 879.0, 0], [90.0, 879.0, 0], [90.0, 878.0, 0]]"
99,"[[23.0, 878.0, 0]]"
100,"[[973.0, 877.0, 0], [972.0, 877.0, 0], [971.0, 878.0, 0], [972.0, 879.0, 0], [973.0, 878.0, 0]]"
101,"[[642.0, 877.0, 0], [641.0, 876.0, 0], [640.0, 876.0, 0], [638.0, 878.0, 0], [638.0, 880.0, 0], [641.0, 880.0, 0], [641.0, 879.0, 0], [642.0, 878.0, 0]]"
102,"[[657.0, 873.0, 0]]"
103,"[[718.0, 871.0, 0]]"
104,"[[1023.0, 869.0, 0], [1023.0, 871.0, 0]]"
105,"[[652.0, 869.0, 0], [652.0, 870.0, 0]]"
106,"[[1023.0, 866.0, 0], [1023.0, 867.0, 0]]"
107,"[[647.0, 865.0, 0], [647.0, 866.0, 0]]"
108,"[[414.0, 865.0, 0], [415.0, 865.0, 0]]"
109,"[[956.0, 862.0, 0]]"
110,"[[1004.0, 859.0, 0], [1004.0, 861.0, 0], [1005.0, 861.0, 0], [1006.0, 860.0, 0], [1007.0, 860.0, 0], [1007.0, 859.0, 0], [1006.0, 860.0, 0], [1005.0, 859.0, 0]]"
111,"[[1001.0, 858.0, 0], [1000.0, 859.0, 0], [1000.0, 860.0, 0], [1001.0, 859.0, 0]]"
112,"[[400.0, 858.0, 0], [401.0, 858.0, 0]]"
113,"[[590.0, 856.0, 0], [589.0, 857.0, 0], [588.0, 857.0, 0], [588.0, 859.0, 0], [589.0, 860.0, 0], [590.0, 859.0, 0]]"
114,"[[710.0, 854.0, 0], [711.0, 854.0, 0]]"
115,"[[593.0, 850.0, 0], [592.0, 850.0, 0], [592.0, 851.0, 0], [591.0, 852.0, 0], [592.0, 853.0, 0], [593.0, 852.0, 0]]"
116,"[[1023.0, 849.0, 0], [1023.0, 861.0, 0]]"
117,"[[938.0, 847.0, 0], [938.0, 848.0, 0], [939.0, 849.0, 0], [940.0, 849.0, 0], [940.0, 847.0, 0]]"
118,"[[861.0, 838.0, 0], [859.0, 838.0, 0], [858.0, 839.0, 0], [857.0, 839.0, 0], [857.0, 842.0, 0], [858.0, 843.0, 0], [859.0, 843.0, 0], [860.0, 842.0, 0], [860.0, 840.0, 0], [861.0, 839.0, 0]]"
119,"[[178.0, 838.0, 0], [177.0, 839.0, 0], [177.0, 840.0, 0], [179.0, 842.0, 0], [180.0, 842.0, 0], [180.0, 841.0, 0], [179.0, 840.0, 0], [179.0, 838.0, 0]]"
120,"[[895.0, 832.0, 0], [894.0, 833.0, 0], [895.0, 834.0, 0], [896.0, 834.0, 0], [896.0, 832.0, 0]]"
121,"[[1023.0, 831.0, 0]]"
122,"[[755.0, 829.0, 0], [753.0, 829.0, 0], [751.0, 831.0, 0], [750.0, 831.0, 0], [750.0, 832.0, 0], [749.0, 833.0, 0], [750.0, 834.0, 0], [752.0, 834.0, 0], [752.0, 833.0, 0], [753.0, 832.0, 0], [753.0, 830.0, 0], [754.0, 829.0, 0]]"
123,"[[581.0, 829.0, 0], [581.0, 830.0, 0], [582.0, 830.0, 0]]"
124,"[[399.0, 828.0, 0], [399.0, 831.0, 0], [400.0, 831.0, 0], [399.0, 830.0, 0]]"
125,"[[391.0, 828.0, 0], [392.0, 828.0, 0]]"
126,"[[224.0, 828.0, 0], [223.0, 829.0, 0], [223.0, 832.0, 0], [224.0, 833.0, 0], [224.0, 837.0, 0], [225.0, 838.0, 0], [228.0, 838.0, 0], [226.0, 836.0, 0], [226.0, 835.0, 0], [225.0, 834.0, 0], [225.0, 832.0, 0], [226.0, 831.0, 0], [226.0, 829.0, 0], [225.0, 828.0, 0]]"
127,"[[61.0, 829.0, 0], [61.0, 830.0, 0], [64.0, 830.0, 0], [65.0, 829.0, 0], [67.0, 831.0, 0], [67.0, 832.0, 0], [68.0, 833.0, 0], [71.0, 833.0, 0], [72.0, 834.0, 0], [73.0, 833.0, 0], [72.0, 832.0, 0], [72.0, 829.0, 0], [71.0, 829.0, 0], [69.0, 827.0, 0], [67.0, 827.0, 0], [65.0, 829.0, 0]]"
128,"[[521.0, 826.0, 0], [521.0, 827.0, 0], [520.0, 828.0, 0], [520.0, 829.0, 0], [521.0, 830.0, 0], [522.0, 830.0, 0], [522.0, 829.0, 0], [523.0, 828.0, 0], [523.0, 827.0, 0], [522.0, 826.0, 0]]"
129,"[[1023.0, 825.0, 0], [1023.0, 827.0, 0]]"
130,"[[112.0, 824.0, 0], [112.0, 825.0, 0], [113.0, 825.0, 0], [113.0, 824.0, 0]]"
131,"[[369.0, 822.0, 0], [368.0, 823.0, 0], [367.0, 823.0, 0], [366.0, 824.0, 0], [366.0, 825.0, 0], [368.0, 825.0, 0], [369.0, 824.0, 0]]"
132,"[[94.0, 822.0, 0], [94.0, 825.0, 0], [93.0, 826.0, 0], [93.0, 830.0, 0], [94.0, 831.0, 0], [95.0, 830.0, 0], [98.0, 830.0, 0], [101.0, 828.0, 0], [105.0, 828.0, 0], [106.0, 829.0, 0], [106.0, 825.0, 0], [105.0, 824.0, 0], [103.0, 824.0, 0], [101.0, 822.0, 0], [100.0, 823.0, 0], [100.0, 825.0, 0], [98.0, 827.0, 0], [96.0, 825.0, 0], [96.0, 823.0, 0]]"
133,"[[890.0, 821.0, 0]]"
134,"[[833.0, 820.0, 0], [831.0, 820.0, 0], [830.0, 821.0, 0], [830.0, 822.0, 0], [829.0, 823.0, 0], [829.0, 824.0, 0], [831.0, 824.0, 0], [833.0, 822.0, 0]]"
135,"[[693.0, 820.0, 0], [693.0, 822.0, 0], [695.0, 822.0, 0], [694.0, 821.0, 0], [694.0, 820.0, 0]]"
136,"[[598.0, 816.0, 0], [598.0, 820.0, 0]]"
137,"[[709.0, 815.0, 0], [709.0, 817.0, 0], [710.0, 818.0, 0], [711.0, 817.0, 0], [711.0, 816.0, 0], [710.0, 815.0, 0]]"
138,"[[38.0, 815.0, 0]]"
139,"[[658.0, 814.0, 0], [658.0, 815.0, 0], [659.0, 815.0, 0], [659.0, 814.0, 0]]"
140,"[[442.0, 811.0, 0], [442.0, 814.0, 0], [443.0, 815.0, 0], [443.0, 817.0, 0], [444.0, 817.0, 0], [448.0, 821.0, 0], [448.0, 822.0, 0], [449.0, 823.0, 0], [450.0, 823.0, 0], [450.0, 821.0, 0], [447.0, 818.0, 0], [447.0, 817.0, 0], [446.0, 816.0, 0], [444.0, 816.0, 0], [443.0, 815.0, 0], [444.0, 812.0, 0], [443.0, 811.0, 0]]"
141,"[[537.0, 810.0, 0], [536.0, 810.0, 0], [533.0, 813.0, 0], [533.0, 817.0, 0], [532.0, 818.0, 0], [532.0, 822.0, 0], [533.0, 823.0, 0], [534.0, 826.0, 0], [535.0, 826.0, 0], [536.0, 827.0, 0], [537.0, 826.0, 0], [537.0, 824.0, 0], [536.0, 823.0, 0], [535.0, 820.0, 0], [536.0, 819.0, 0], [536.0, 815.0, 0], [538.0, 813.0, 0], [538.0, 811.0, 0]]"
142,"[[146.0, 808.0, 0], [145.0, 808.0, 0], [144.0, 809.0, 0], [143.0, 809.0, 0], [142.0, 810.0, 0], [143.0, 811.0, 0], [146.0, 811.0, 0]]"
143,"[[846.0, 808.0, 0], [847.0, 809.0, 0], [851.0, 809.0, 0], [852.0, 808.0, 0], [851.0, 807.0, 0], [851.0, 806.0, 0], [848.0, 806.0, 0]]"
144,"[[565.0, 806.0, 0], [565.0, 807.0, 0]]"
145,"[[737.0, 803.0, 0], [736.0, 804.0, 0], [736.0, 807.0, 0], [735.0, 808.0, 0], [735.0, 809.0, 0], [736.0, 810.0, 0], [736.0, 811.0, 0], [738.0, 811.0, 0], [738.0, 810.0, 0], [739.0, 809.0, 0], [739.0, 808.0, 0], [740.0, 807.0, 0], [740.0, 806.0, 0], [739.0, 805.0, 0], [739.0, 804.0, 0], [738.0, 804.0, 0]]"
146,"[[287.0, 803.0, 0]]"
147,"[[1023.0, 800.0, 0], [1023.0, 801.0, 0]]"
148,"[[702.0, 800.0, 0], [701.0, 801.0, 0], [702.0, 801.0, 0]]"
149,"[[511.0, 800.0, 0], [510.0, 799.0, 0], [508.0, 801.0, 0], [508.0, 802.0, 0], [510.0, 802.0, 0], [511.0, 801.0, 0]]"
150,"[[572.0, 794.0, 0], [571.0, 794.0, 0], [570.0, 793.0, 0], [568.0, 795.0, 0], [568.0, 796.0, 0], [569.0, 797.0, 0], [571.0, 797.0, 0], [571.0, 796.0, 0], [572.0, 795.0, 0]]"
151,"[[517.0, 788.0, 0], [518.0, 789.0, 0], [520.0, 789.0, 0], [519.0, 788.0, 0]]"
152,"[[452.0, 788.0, 0], [449.0, 788.0, 0], [449.0, 790.0, 0], [450.0, 791.0, 0], [451.0, 790.0, 0], [451.0, 789.0, 0]]"
153,"[[407.0, 785.0, 0]]"
154,"[[256.0, 783.0, 0]]"
155,"[[1021.0, 782.0, 0], [1021.0, 783.0, 0], [1022.0, 784.0, 0], [1022.0, 786.0, 0], [1023.0, 787.0, 0], [1023.0, 790.0, 0], [1023.0, 782.0, 0], [1023.0, 783.0, 0], [1022.0, 784.0, 0], [1021.0, 783.0, 0]]"
156,"[[879.0, 782.0, 0]]"
157,"[[263.0, 780.0, 0], [263.0, 781.0, 0], [264.0, 782.0, 0], [265.0, 781.0, 0], [264.0, 780.0, 0]]"
158,"[[536.0, 775.0, 0], [537.0, 775.0, 0]]"
159,"[[401.0, 778.0, 0], [401.0, 777.0, 0], [403.0, 775.0, 0], [404.0, 775.0, 0], [405.0, 774.0, 0], [407.0, 774.0, 0], [408.0, 775.0, 0], [410.0, 775.0, 0], [410.0, 774.0, 0], [408.0, 774.0, 0], [407.0, 773.0, 0], [404.0, 773.0, 0], [403.0, 774.0, 0], [402.0, 774.0, 0], [401.0, 775.0, 0]]"
160,"[[1023.0, 772.0, 0], [1023.0, 777.0, 0]]"
161,"[[362.0, 771.0, 0], [363.0, 772.0, 0], [366.0, 772.0, 0], [365.0, 772.0, 0], [364.0, 771.0, 0]]"
162,"[[523.0, 772.0, 0], [522.0, 774.0, 0], [523.0, 776.0, 0], [522.0, 780.0, 0], [523.0, 782.0, 0], [528.0, 782.0, 0], [529.0, 781.0, 0], [534.0, 786.0, 0], [538.0, 788.0, 0], [541.0, 787.0, 0], [541.0, 784.0, 0], [543.0, 781.0, 0], [537.0, 777.0, 0], [534.0, 779.0, 0], [532.0, 777.0, 0], [534.0, 775.0, 0], [534.0, 773.0, 0], [532.0, 771.0, 0], [527.0, 770.0, 0]]"
163,"[[331.0, 767.0, 0], [330.0, 768.0, 0], [330.0, 769.0, 0], [331.0, 770.0, 0]]"
164,"[[833.0, 766.0, 0], [833.0, 767.0, 0], [834.0, 767.0, 0], [834.0, 766.0, 0]]"
165,"[[253.0, 766.0, 0], [253.0, 767.0, 0], [254.0, 768.0, 0], [254.0, 769.0, 0], [255.0, 769.0, 0], [256.0, 768.0, 0], [256.0, 767.0, 0], [255.0, 766.0, 0]]"
166,"[[377.0, 760.0, 0], [377.0, 762.0, 0], [381.0, 762.0, 0], [378.0, 759.0, 0]]"
167,"[[739.0, 758.0, 0], [741.0, 758.0, 0], [742.0, 757.0, 0], [743.0, 757.0, 0], [743.0, 755.0, 0], [740.0, 755.0, 0], [740.0, 756.0, 0], [739.0, 757.0, 0]]"
168,"[[761.0, 752.0, 0], [761.0, 754.0, 0], [762.0, 755.0, 0], [762.0, 757.0, 0], [762.0, 752.0, 0]]"
169,"[[371.0, 751.0, 0], [372.0, 752.0, 0], [373.0, 752.0, 0], [375.0, 754.0, 0], [375.0, 755.0, 0], [376.0, 756.0, 0], [377.0, 756.0, 0], [376.0, 755.0, 0], [376.0, 752.0, 0], [375.0, 751.0, 0], [375.0, 750.0, 0], [373.0, 750.0, 0], [372.0, 751.0, 0]]"
170,"[[253.0, 750.0, 0]]"
171,"[[465.0, 749.0, 0], [464.0, 750.0, 0], [465.0, 750.0, 0]]"
172,"[[366.0, 749.0, 0], [365.0, 749.0, 0], [365.0, 750.0, 0], [364.0, 751.0, 0], [364.0, 753.0, 0], [365.0, 754.0, 0], [367.0, 752.0, 0], [367.0, 750.0, 0]]"
173,"[[264.0, 744.0, 0], [263.0, 744.0, 0], [261.0, 746.0, 0], [258.0, 746.0, 0], [256.0, 748.0, 0], [258.0, 750.0, 0], [260.0, 750.0, 0], [261.0, 749.0, 0], [261.0, 748.0, 0], [262.0, 747.0, 0], [263.0, 747.0, 0], [264.0, 746.0, 0]]"
174,"[[904.0, 733.0, 0]]"
175,"[[280.0, 726.0, 0], [278.0, 726.0, 0], [276.0, 728.0, 0], [277.0, 729.0, 0], [277.0, 730.0, 0], [279.0, 730.0, 0], [280.0, 729.0, 0]]"
176,"[[1023.0, 725.0, 0], [1023.0, 727.0, 0]]"
177,"[[1023.0, 721.0, 0]]"
178,"[[329.0, 719.0, 0], [329.0, 720.0, 0]]"
179,"[[910.0, 718.0, 0], [909.0, 718.0, 0], [909.0, 720.0, 0], [910.0, 719.0, 0]]"
180,"[[89.0, 718.0, 0], [88.0, 717.0, 0], [87.0, 718.0, 0], [86.0, 718.0, 0], [85.0, 719.0, 0], [86.0, 719.0, 0], [87.0, 720.0, 0], [88.0, 720.0, 0], [89.0, 719.0, 0]]"
181,"[[361.0, 716.0, 0], [360.0, 715.0, 0], [359.0, 716.0, 0]]"
182,"[[236.0, 715.0, 0], [235.0, 716.0, 0], [233.0, 716.0, 0], [232.0, 717.0, 0], [231.0, 717.0, 0], [231.0, 720.0, 0], [232.0, 721.0, 0], [233.0, 721.0, 0], [234.0, 722.0, 0], [235.0, 722.0, 0], [236.0, 721.0, 0], [236.0, 718.0, 0], [237.0, 717.0, 0], [237.0, 716.0, 0]]"
183,"[[858.0, 710.0, 0], [857.0, 711.0, 0], [857.0, 712.0, 0], [858.0, 713.0, 0], [858.0, 715.0, 0], [859.0, 715.0, 0], [861.0, 717.0, 0], [861.0, 712.0, 0], [859.0, 710.0, 0]]"
184,"[[368.0, 710.0, 0], [367.0, 711.0, 0], [368.0, 712.0, 0]]"
185,"[[939.0, 708.0, 0], [941.0, 708.0, 0]]"
186,"[[339.0, 704.0, 0]]"
187,"[[316.0, 698.0, 0], [317.0, 698.0, 0]]"
188,"[[446.0, 697.0, 0], [445.0, 697.0, 0], [445.0, 698.0, 0], [441.0, 702.0, 0], [442.0, 703.0, 0], [442.0, 704.0, 0], [443.0, 704.0, 0], [444.0, 705.0, 0], [445.0, 704.0, 0], [445.0, 703.0, 0], [449.0, 699.0, 0], [448.0, 698.0, 0], [447.0, 698.0, 0]]"
189,"[[335.0, 696.0, 0], [336.0, 697.0, 0], [336.0, 696.0, 0]]"
190,"[[935.0, 693.0, 0], [934.0, 692.0, 0], [933.0, 692.0, 0], [932.0, 693.0, 0], [929.0, 693.0, 0], [927.0, 695.0, 0], [927.0, 696.0, 0], [928.0, 697.0, 0], [929.0, 697.0, 0], [930.0, 696.0, 0], [934.0, 696.0, 0], [935.0, 695.0, 0]]"
191,"[[442.0, 692.0, 0], [442.0, 693.0, 0], [443.0, 693.0, 0], [443.0, 692.0, 0]]"
192,"[[21.0, 686.0, 0], [20.0, 687.0, 0], [22.0, 689.0, 0], [22.0, 691.0, 0], [23.0, 692.0, 0], [24.0, 692.0, 0], [26.0, 690.0, 0], [26.0, 688.0, 0], [27.0, 687.0, 0], [26.0, 686.0, 0], [25.0, 686.0, 0], [24.0, 687.0, 0], [22.0, 687.0, 0]]"
193,"[[890.0, 680.0, 0], [890.0, 681.0, 0], [889.0, 682.0, 0], [890.0, 683.0, 0], [892.0, 683.0, 0], [893.0, 682.0, 0], [893.0, 681.0, 0], [892.0, 680.0, 0]]"
194,"[[1023.0, 679.0, 0], [1023.0, 684.0, 0]]"
195,"[[461.0, 679.0, 0], [461.0, 686.0, 0], [462.0, 687.0, 0], [464.0, 687.0, 0], [464.0, 685.0, 0], [465.0, 684.0, 0], [467.0, 684.0, 0], [468.0, 685.0, 0], [469.0, 685.0, 0], [471.0, 683.0, 0], [471.0, 680.0, 0], [470.0, 679.0, 0], [467.0, 679.0, 0], [465.0, 682.0, 0], [464.0, 681.0, 0], [464.0, 680.0, 0], [462.0, 678.0, 0]]"
196,"[[495.0, 676.0, 0], [495.0, 677.0, 0], [494.0, 678.0, 0], [494.0, 680.0, 0], [495.0, 680.0, 0], [496.0, 681.0, 0], [497.0, 681.0, 0], [498.0, 680.0, 0], [498.0, 679.0, 0], [497.0, 678.0, 0], [497.0, 677.0, 0], [496.0, 676.0, 0]]"
197,"[[1000.0, 675.0, 0], [1000.0, 676.0, 0]]"
198,"[[489.0, 675.0, 0]]"
199,"[[642.0, 672.0, 0], [641.0, 673.0, 0], [641.0, 674.0, 0], [642.0, 675.0, 0], [644.0, 675.0, 0], [644.0, 673.0, 0], [643.0, 672.0, 0]]"
200,"[[484.0, 670.0, 0], [484.0, 672.0, 0], [485.0, 671.0, 0], [486.0, 672.0, 0], [486.0, 671.0, 0], [485.0, 670.0, 0]]"
201,"[[673.0, 669.0, 0], [674.0, 669.0, 0]]"
202,"[[449.0, 667.0, 0]]"
203,"[[40.0, 667.0, 0], [41.0, 667.0, 0]]"
204,"[[932.0, 664.0, 0], [932.0, 665.0, 0], [934.0, 665.0, 0], [934.0, 664.0, 0]]"
205,"[[937.0, 664.0, 0], [938.0, 664.0, 0], [939.0, 663.0, 0], [937.0, 663.0, 0]]"
206,"[[349.0, 663.0, 0], [350.0, 664.0, 0], [351.0, 664.0, 0], [353.0, 662.0, 0], [355.0, 662.0, 0], [356.0, 663.0, 0], [357.0, 663.0, 0], [358.0, 662.0, 0], [357.0, 661.0, 0], [351.0, 661.0, 0], [350.0, 662.0, 0], [349.0, 662.0, 0]]"
207,"[[56.0, 658.0, 0], [52.0, 658.0, 0], [51.0, 659.0, 0], [50.0, 659.0, 0], [49.0, 660.0, 0], [49.0, 663.0, 0], [51.0, 661.0, 0], [53.0, 661.0, 0], [54.0, 660.0, 0], [56.0, 660.0, 0]]"
208,"[[539.0, 656.0, 0]]"
209,"[[570.0, 656.0, 0], [570.0, 658.0, 0], [573.0, 658.0, 0], [574.0, 657.0, 0], [575.0, 657.0, 0], [575.0, 656.0, 0], [574.0, 656.0, 0], [573.0, 655.0, 0], [571.0, 655.0, 0]]"
210,"[[431.0, 655.0, 0], [427.0, 658.0, 0], [424.0, 658.0, 0], [422.0, 652.0, 0], [419.0, 655.0, 0], [406.0, 654.0, 0], [404.0, 662.0, 0], [408.0, 662.0, 0], [410.0, 664.0, 0], [408.0, 673.0, 0], [412.0, 673.0, 0], [410.0, 667.0, 0], [415.0, 665.0, 0], [418.0, 658.0, 0], [428.0, 661.0, 0], [432.0, 658.0, 0]]"
211,"[[209.0, 651.0, 0], [209.0, 652.0, 0], [211.0, 652.0, 0], [211.0, 651.0, 0]]"
212,"[[942.0, 650.0, 0]]"
213,"[[637.0, 648.0, 0], [638.0, 648.0, 0]]"
214,"[[129.0, 646.0, 0]]"
215,"[[745.0, 645.0, 0], [744.0, 646.0, 0], [745.0, 647.0, 0]]"
216,"[[78.0, 645.0, 0], [78.0, 648.0, 0], [81.0, 648.0, 0], [82.0, 647.0, 0], [82.0, 645.0, 0]]"
217,"[[560.0, 639.0, 0], [559.0, 639.0, 0], [558.0, 640.0, 0], [558.0, 641.0, 0], [557.0, 642.0, 0], [556.0, 642.0, 0], [555.0, 643.0, 0], [555.0, 644.0, 0], [553.0, 646.0, 0], [551.0, 646.0, 0], [550.0, 647.0, 0], [550.0, 650.0, 0], [551.0, 651.0, 0], [553.0, 651.0, 0], [555.0, 649.0, 0], [555.0, 647.0, 0], [557.0, 645.0, 0], [559.0, 645.0, 0], [560.0, 644.0, 0], [560.0, 642.0, 0], [561.0, 641.0, 0], [561.0, 640.0, 0]]"
218,"[[440.0, 638.0, 0], [440.0, 640.0, 0], [441.0, 640.0, 0], [441.0, 638.0, 0]]"
219,"[[395.0, 639.0, 0], [395.0, 642.0, 0], [402.0, 642.0, 0], [402.0, 641.0, 0], [401.0, 640.0, 0], [401.0, 639.0, 0], [400.0, 638.0, 0], [397.0, 638.0, 0], [396.0, 639.0, 0]]"
220,"[[155.0, 637.0, 0], [153.0, 637.0, 0], [152.0, 638.0, 0], [152.0, 640.0, 0], [153.0, 641.0, 0], [156.0, 638.0, 0]]"
221,"[[538.0, 636.0, 0], [537.0, 637.0, 0], [537.0, 638.0, 0], [538.0, 639.0, 0], [538.0, 640.0, 0], [539.0, 641.0, 0], [539.0, 642.0, 0], [540.0, 643.0, 0], [541.0, 643.0, 0], [541.0, 641.0, 0], [540.0, 640.0, 0], [541.0, 639.0, 0], [541.0, 638.0, 0], [539.0, 636.0, 0]]"
222,"[[190.0, 636.0, 0], [191.0, 636.0, 0]]"
223,"[[216.0, 634.0, 0], [215.0, 635.0, 0], [216.0, 635.0, 0]]"
224,"[[182.0, 631.0, 0], [182.0, 634.0, 0], [184.0, 636.0, 0], [186.0, 636.0, 0], [187.0, 635.0, 0], [186.0, 634.0, 0], [186.0, 633.0, 0], [184.0, 631.0, 0]]"
225,"[[245.0, 633.0, 0], [250.0, 633.0, 0], [252.0, 631.0, 0], [251.0, 630.0, 0], [246.0, 630.0, 0], [246.0, 631.0, 0], [245.0, 632.0, 0]]"
226,"[[1023.0, 625.0, 0], [1023.0, 636.0, 0]]"
227,"[[280.0, 625.0, 0], [281.0, 626.0, 0], [282.0, 625.0, 0]]"
228,"[[227.0, 625.0, 0], [227.0, 626.0, 0]]"
229,"[[974.0, 623.0, 0], [973.0, 623.0, 0], [971.0, 625.0, 0], [971.0, 626.0, 0], [972.0, 627.0, 0], [974.0, 627.0, 0], [974.0, 625.0, 0], [975.0, 624.0, 0]]"
230,"[[149.0, 624.0, 0], [149.0, 626.0, 0], [150.0, 627.0, 0], [154.0, 627.0, 0], [155.0, 626.0, 0], [155.0, 625.0, 0], [153.0, 623.0, 0], [150.0, 623.0, 0]]"
231,"[[1023.0, 618.0, 0], [1023.0, 620.0, 0]]"
232,"[[138.0, 616.0, 0], [136.0, 616.0, 0], [136.0, 619.0, 0], [137.0, 620.0, 0], [139.0, 618.0, 0], [139.0, 617.0, 0]]"
233,"[[161.0, 615.0, 0], [161.0, 616.0, 0], [162.0, 616.0, 0]]"
234,"[[699.0, 613.0, 0], [699.0, 614.0, 0], [701.0, 616.0, 0], [703.0, 616.0, 0], [703.0, 615.0, 0], [702.0, 614.0, 0], [701.0, 614.0, 0], [700.0, 613.0, 0]]"
235,"[[198.0, 608.0, 0], [197.0, 608.0, 0], [196.0, 609.0, 0], [196.0, 611.0, 0], [197.0, 611.0, 0], [198.0, 610.0, 0]]"
236,"[[217.0, 606.0, 0], [217.0, 609.0, 0], [220.0, 609.0, 0], [220.0, 608.0, 0], [218.0, 606.0, 0]]"
237,"[[692.0, 606.0, 0], [691.0, 605.0, 0], [691.0, 606.0, 0], [688.0, 609.0, 0], [686.0, 609.0, 0], [685.0, 610.0, 0], [684.0, 610.0, 0], [684.0, 611.0, 0], [685.0, 612.0, 0], [686.0, 611.0, 0], [691.0, 611.0, 0], [691.0, 610.0, 0], [692.0, 609.0, 0]]"
238,"[[14.0, 603.0, 0]]"
239,"[[230.0, 601.0, 0], [230.0, 602.0, 0], [231.0, 602.0, 0], [231.0, 601.0, 0]]"
240,"[[273.0, 600.0, 0], [273.0, 601.0, 0]]"
241,"[[680.0, 599.0, 0], [680.0, 600.0, 0]]"
242,"[[139.0, 599.0, 0], [139.0, 601.0, 0], [140.0, 602.0, 0], [141.0, 602.0, 0], [142.0, 603.0, 0], [143.0, 603.0, 0], [144.0, 602.0, 0], [141.0, 599.0, 0]]"
243,"[[106.0, 593.0, 0], [107.0, 593.0, 0]]"
244,"[[74.0, 592.0, 0], [74.0, 593.0, 0], [75.0, 593.0, 0], [75.0, 592.0, 0]]"
245,"[[95.0, 589.0, 0], [94.0, 588.0, 0], [91.0, 588.0, 0], [89.0, 590.0, 0], [86.0, 590.0, 0], [86.0, 591.0, 0], [87.0, 592.0, 0], [87.0, 593.0, 0], [88.0, 594.0, 0], [93.0, 594.0, 0], [94.0, 593.0, 0], [95.0, 593.0, 0]]"
246,"[[105.0, 584.0, 0], [104.0, 584.0, 0], [104.0, 585.0, 0]]"
247,"[[923.0, 583.0, 0], [922.0, 583.0, 0], [921.0, 584.0, 0], [923.0, 584.0, 0]]"
248,"[[919.0, 583.0, 0], [918.0, 583.0, 0], [918.0, 586.0, 0], [917.0, 587.0, 0], [917.0, 590.0, 0], [916.0, 591.0, 0], [916.0, 594.0, 0], [915.0, 595.0, 0], [918.0, 593.0, 0], [919.0, 594.0, 0], [922.0, 593.0, 0], [922.0, 589.0, 0], [921.0, 588.0, 0], [920.0, 588.0, 0], [918.0, 586.0, 0], [919.0, 585.0, 0]]"
249,"[[368.0, 584.0, 0], [367.0, 584.0, 0], [366.0, 583.0, 0], [364.0, 585.0, 0], [365.0, 586.0, 0], [366.0, 586.0, 0], [367.0, 585.0, 0], [368.0, 585.0, 0]]"
250,"[[69.0, 583.0, 0], [70.0, 583.0, 0]]"
251,"[[374.0, 581.0, 0], [374.0, 582.0, 0], [373.0, 583.0, 0], [374.0, 582.0, 0]]"
252,"[[65.0, 581.0, 0]]"
253,"[[78.0, 580.0, 0], [79.0, 580.0, 0]]"
254,"[[669.0, 578.0, 0], [668.0, 579.0, 0], [668.0, 586.0, 0], [667.0, 587.0, 0], [668.0, 589.0, 0], [667.0, 593.0, 0], [668.0, 596.0, 0], [670.0, 597.0, 0], [672.0, 592.0, 0], [674.0, 591.0, 0], [675.0, 595.0, 0], [680.0, 597.0, 0], [682.0, 594.0, 0], [682.0, 589.0, 0], [681.0, 588.0, 0], [678.0, 590.0, 0], [677.0, 589.0, 0], [677.0, 585.0, 0], [678.0, 584.0, 0], [677.0, 581.0, 0], [673.0, 581.0, 0]]"
255,"[[775.0, 575.0, 0]]"
256,"[[574.0, 571.0, 0], [574.0, 572.0, 0], [575.0, 572.0, 0], [575.0, 571.0, 0]]"
257,"[[741.0, 571.0, 0], [742.0, 571.0, 0], [743.0, 570.0, 0], [741.0, 570.0, 0]]"
258,"[[593.0, 568.0, 0], [590.0, 571.0, 0], [590.0, 574.0, 0], [593.0, 574.0, 0], [593.0, 573.0, 0], [594.0, 572.0, 0], [594.0, 569.0, 0]]"
259,"[[94.0, 568.0, 0], [93.0, 569.0, 0], [92.0, 569.0, 0], [92.0, 570.0, 0], [93.0, 571.0, 0], [93.0, 572.0, 0], [94.0, 572.0, 0], [95.0, 573.0, 0], [96.0, 572.0, 0], [97.0, 572.0, 0], [97.0, 570.0, 0], [95.0, 568.0, 0]]"
260,"[[950.0, 566.0, 0], [949.0, 567.0, 0], [950.0, 568.0, 0]]"
261,"[[211.0, 566.0, 0], [209.0, 568.0, 0], [209.0, 569.0, 0], [210.0, 570.0, 0], [211.0, 569.0, 0]]"
262,"[[662.0, 564.0, 0], [661.0, 565.0, 0], [661.0, 566.0, 0], [660.0, 567.0, 0], [660.0, 569.0, 0], [659.0, 570.0, 0], [659.0, 571.0, 0], [660.0, 572.0, 0], [660.0, 573.0, 0], [661.0, 574.0, 0], [662.0, 574.0, 0], [663.0, 573.0, 0], [663.0, 569.0, 0], [664.0, 568.0, 0], [664.0, 566.0, 0]]"
263,"[[1005.0, 561.0, 0], [1005.0, 565.0, 0], [1006.0, 566.0, 0], [1007.0, 566.0, 0], [1007.0, 563.0, 0], [1006.0, 562.0, 0], [1006.0, 561.0, 0]]"
264,"[[65.0, 561.0, 0], [63.0, 563.0, 0], [63.0, 564.0, 0], [64.0, 565.0, 0], [64.0, 570.0, 0], [65.0, 571.0, 0], [67.0, 571.0, 0], [68.0, 570.0, 0], [67.0, 569.0, 0], [67.0, 568.0, 0], [66.0, 567.0, 0], [66.0, 565.0, 0], [65.0, 564.0, 0]]"
265,"[[34.0, 563.0, 0], [32.0, 561.0, 0], [31.0, 561.0, 0], [29.0, 563.0, 0], [29.0, 565.0, 0], [30.0, 564.0, 0], [34.0, 564.0, 0]]"
266,"[[1023.0, 558.0, 0], [1023.0, 562.0, 0]]"
267,"[[362.0, 558.0, 0], [361.0, 559.0, 0], [361.0, 561.0, 0], [362.0, 562.0, 0], [362.0, 563.0, 0], [363.0, 563.0, 0], [364.0, 562.0, 0], [364.0, 560.0, 0]]"
268,"[[203.0, 557.0, 0], [203.0, 558.0, 0]]"
269,"[[664.0, 556.0, 0], [663.0, 556.0, 0], [662.0, 557.0, 0], [660.0, 557.0, 0], [660.0, 559.0, 0], [662.0, 561.0, 0], [663.0, 561.0, 0], [665.0, 559.0, 0], [665.0, 558.0, 0], [664.0, 557.0, 0]]"
270,"[[576.0, 556.0, 0], [576.0, 557.0, 0]]"
271,"[[330.0, 555.0, 0], [330.0, 558.0, 0], [332.0, 558.0, 0], [331.0, 557.0, 0], [331.0, 556.0, 0]]"
272,"[[258.0, 552.0, 0], [257.0, 552.0, 0], [256.0, 553.0, 0], [256.0, 554.0, 0], [257.0, 555.0, 0], [258.0, 554.0, 0]]"
273,"[[865.0, 550.0, 0], [864.0, 551.0, 0], [864.0, 553.0, 0], [865.0, 554.0, 0], [866.0, 553.0, 0], [866.0, 551.0, 0]]"
274,"[[266.0, 550.0, 0], [267.0, 551.0, 0], [267.0, 550.0, 0]]"
275,"[[214.0, 550.0, 0], [214.0, 552.0, 0], [212.0, 554.0, 0], [212.0, 556.0, 0], [213.0, 557.0, 0], [216.0, 557.0, 0], [217.0, 556.0, 0], [217.0, 554.0, 0], [216.0, 553.0, 0], [217.0, 552.0, 0], [217.0, 551.0, 0], [216.0, 550.0, 0]]"
276,"[[376.0, 549.0, 0], [377.0, 549.0, 0], [378.0, 550.0, 0], [380.0, 550.0, 0], [380.0, 549.0, 0]]"
277,"[[655.0, 548.0, 0], [653.0, 548.0, 0], [652.0, 549.0, 0], [652.0, 552.0, 0], [651.0, 553.0, 0], [651.0, 554.0, 0], [652.0, 555.0, 0], [653.0, 555.0, 0], [654.0, 554.0, 0], [655.0, 554.0, 0], [656.0, 553.0, 0], [656.0, 551.0, 0], [655.0, 550.0, 0]]"
278,"[[903.0, 545.0, 0], [903.0, 546.0, 0], [904.0, 546.0, 0], [905.0, 547.0, 0], [906.0, 547.0, 0], [907.0, 546.0, 0], [908.0, 546.0, 0], [908.0, 545.0, 0], [907.0, 544.0, 0], [904.0, 544.0, 0]]"
279,"[[37.0, 544.0, 0], [37.0, 545.0, 0], [38.0, 545.0, 0], [38.0, 544.0, 0]]"
280,"[[245.0, 542.0, 0], [246.0, 543.0, 0], [247.0, 543.0, 0], [248.0, 544.0, 0], [249.0, 544.0, 0], [250.0, 543.0, 0], [250.0, 542.0, 0], [249.0, 541.0, 0], [247.0, 541.0, 0], [246.0, 542.0, 0]]"
281,"[[1017.0, 540.0, 0], [1017.0, 541.0, 0], [1018.0, 541.0, 0], [1018.0, 540.0, 0]]"
282,"[[348.0, 536.0, 0], [347.0, 536.0, 0], [345.0, 538.0, 0], [345.0, 543.0, 0], [347.0, 543.0, 0], [347.0, 541.0, 0], [348.0, 540.0, 0]]"
283,"[[238.0, 530.0, 0], [237.0, 531.0, 0], [237.0, 532.0, 0], [238.0, 533.0, 0]]"
284,"[[333.0, 529.0, 0], [333.0, 531.0, 0]]"
285,"[[165.0, 530.0, 0], [164.0, 529.0, 0], [162.0, 531.0, 0], [163.0, 531.0, 0], [164.0, 530.0, 0]]"
286,"[[649.0, 528.0, 0], [647.0, 528.0, 0], [647.0, 529.0, 0], [646.0, 530.0, 0], [647.0, 531.0, 0], [646.0, 532.0, 0], [647.0, 533.0, 0], [646.0, 534.0, 0], [646.0, 537.0, 0], [644.0, 539.0, 0], [644.0, 543.0, 0], [653.0, 536.0, 0], [652.0, 535.0, 0], [651.0, 536.0, 0], [649.0, 534.0, 0], [649.0, 533.0, 0], [650.0, 532.0, 0], [650.0, 529.0, 0]]"
287,"[[348.0, 527.0, 0], [348.0, 530.0, 0], [349.0, 530.0, 0], [349.0, 527.0, 0]]"
288,"[[226.0, 527.0, 0], [226.0, 529.0, 0], [227.0, 529.0, 0], [227.0, 527.0, 0]]"
289,"[[189.0, 527.0, 0], [190.0, 527.0, 0], [191.0, 528.0, 0], [192.0, 527.0, 0]]"
290,"[[109.0, 527.0, 0], [110.0, 527.0, 0]]"
291,"[[1023.0, 526.0, 0], [1023.0, 532.0, 0]]"
292,"[[205.0, 526.0, 0], [205.0, 527.0, 0], [206.0, 528.0, 0], [206.0, 529.0, 0], [205.0, 530.0, 0], [205.0, 532.0, 0], [207.0, 532.0, 0], [208.0, 531.0, 0], [209.0, 531.0, 0], [210.0, 532.0, 0], [211.0, 531.0, 0], [210.0, 530.0, 0], [210.0, 529.0, 0], [208.0, 529.0, 0], [207.0, 528.0, 0], [207.0, 527.0, 0], [206.0, 526.0, 0]]"
293,"[[278.0, 525.0, 0], [276.0, 525.0, 0], [276.0, 531.0, 0], [277.0, 531.0, 0], [277.0, 528.0, 0], [278.0, 527.0, 0]]"
294,"[[422.0, 524.0, 0], [423.0, 525.0, 0], [423.0, 524.0, 0]]"
295,"[[171.0, 524.0, 0], [170.0, 524.0, 0], [169.0, 525.0, 0], [169.0, 527.0, 0], [170.0, 528.0, 0], [170.0, 529.0, 0], [169.0, 530.0, 0], [170.0, 530.0, 0], [170.0, 529.0, 0], [172.0, 527.0, 0], [172.0, 525.0, 0]]"
296,"[[201.0, 523.0, 0], [195.0, 527.0, 0], [195.0, 529.0, 0], [192.0, 532.0, 0], [191.0, 536.0, 0], [187.0, 538.0, 0], [185.0, 542.0, 0], [187.0, 545.0, 0], [191.0, 543.0, 0], [193.0, 544.0, 0], [195.0, 540.0, 0], [202.0, 533.0, 0], [200.0, 530.0, 0]]"
297,"[[229.0, 523.0, 0], [230.0, 523.0, 0], [231.0, 522.0, 0], [229.0, 522.0, 0]]"
298,"[[246.0, 520.0, 0], [246.0, 521.0, 0], [248.0, 521.0, 0], [249.0, 522.0, 0], [250.0, 522.0, 0], [252.0, 524.0, 0], [252.0, 526.0, 0], [253.0, 527.0, 0], [254.0, 527.0, 0], [255.0, 528.0, 0], [258.0, 528.0, 0], [259.0, 527.0, 0], [259.0, 524.0, 0], [257.0, 524.0, 0], [254.0, 521.0, 0], [250.0, 521.0, 0], [249.0, 520.0, 0], [248.0, 521.0, 0], [247.0, 520.0, 0]]"
299,"[[297.0, 519.0, 0], [298.0, 520.0, 0], [299.0, 519.0, 0]]"
300,"[[1023.0, 518.0, 0], [1023.0, 521.0, 0]]"
301,"[[741.0, 513.0, 0], [740.0, 514.0, 0], [740.0, 515.0, 0], [741.0, 516.0, 0], [741.0, 517.0, 0], [742.0, 518.0, 0], [742.0, 519.0, 0], [743.0, 520.0, 0], [744.0, 520.0, 0], [744.0, 515.0, 0], [743.0, 514.0, 0], [743.0, 513.0, 0]]"
302,"[[390.0, 510.0, 0], [388.0, 510.0, 0], [388.0, 514.0, 0], [387.0, 515.0, 0], [387.0, 516.0, 0], [386.0, 517.0, 0], [387.0, 518.0, 0], [389.0, 518.0, 0], [390.0, 517.0, 0], [392.0, 517.0, 0], [392.0, 516.0, 0], [391.0, 515.0, 0], [391.0, 513.0, 0], [390.0, 512.0, 0]]"
303,"[[161.0, 510.0, 0], [160.0, 511.0, 0], [160.0, 512.0, 0], [161.0, 511.0, 0]]"
304,"[[99.0, 510.0, 0], [98.0, 511.0, 0], [98.0, 512.0, 0], [97.0, 513.0, 0], [98.0, 513.0, 0], [98.0, 512.0, 0], [99.0, 511.0, 0]]"
305,"[[124.0, 511.0, 0], [123.0, 509.0, 0], [120.0, 509.0, 0], [118.0, 510.0, 0], [115.0, 514.0, 0], [114.0, 513.0, 0], [112.0, 513.0, 0], [108.0, 511.0, 0], [107.0, 512.0, 0], [107.0, 515.0, 0], [108.0, 517.0, 0], [112.0, 517.0, 0], [113.0, 518.0, 0], [114.0, 517.0, 0], [114.0, 515.0, 0], [116.0, 513.0, 0], [120.0, 513.0, 0]]"
306,"[[274.0, 507.0, 0], [273.0, 507.0, 0], [272.0, 508.0, 0], [272.0, 509.0, 0], [269.0, 512.0, 0], [268.0, 512.0, 0], [268.0, 513.0, 0], [269.0, 514.0, 0], [270.0, 514.0, 0], [271.0, 513.0, 0], [272.0, 513.0, 0], [272.0, 512.0, 0], [273.0, 511.0, 0], [274.0, 511.0, 0], [274.0, 510.0, 0], [275.0, 509.0, 0], [275.0, 508.0, 0]]"
307,"[[140.0, 508.0, 0], [141.0, 507.0, 0], [144.0, 507.0, 0], [145.0, 506.0, 0], [141.0, 506.0, 0], [140.0, 507.0, 0]]"
308,"[[174.0, 504.0, 0], [173.0, 505.0, 0], [173.0, 506.0, 0], [174.0, 507.0, 0], [175.0, 507.0, 0], [176.0, 506.0, 0], [176.0, 505.0, 0], [175.0, 504.0, 0]]"
309,"[[723.0, 503.0, 0], [723.0, 505.0, 0]]"
310,"[[88.0, 502.0, 0], [85.0, 502.0, 0], [83.0, 504.0, 0], [83.0, 505.0, 0], [84.0, 506.0, 0], [86.0, 504.0, 0], [88.0, 504.0, 0]]"
311,"[[464.0, 501.0, 0], [463.0, 501.0, 0], [462.0, 502.0, 0], [462.0, 503.0, 0], [463.0, 503.0, 0], [464.0, 502.0, 0]]"
312,"[[299.0, 501.0, 0], [299.0, 503.0, 0], [300.0, 504.0, 0], [302.0, 504.0, 0], [303.0, 503.0, 0], [304.0, 503.0, 0], [305.0, 502.0, 0], [306.0, 502.0, 0], [307.0, 503.0, 0], [308.0, 502.0, 0], [308.0, 501.0, 0], [307.0, 501.0, 0], [306.0, 500.0, 0], [303.0, 500.0, 0], [302.0, 501.0, 0]]"
313,"[[113.0, 500.0, 0], [112.0, 499.0, 0], [111.0, 499.0, 0], [109.0, 501.0, 0], [109.0, 502.0, 0], [110.0, 501.0, 0], [112.0, 501.0, 0]]"
314,"[[476.0, 501.0, 0], [476.0, 499.0, 0], [475.0, 498.0, 0], [474.0, 499.0, 0], [468.0, 499.0, 0], [467.0, 500.0, 0], [468.0, 501.0, 0], [468.0, 502.0, 0], [469.0, 502.0, 0], [470.0, 501.0, 0]]"
315,"[[1023.0, 495.0, 0], [1023.0, 499.0, 0]]"
316,"[[814.0, 496.0, 0], [813.0, 495.0, 0], [812.0, 496.0, 0], [812.0, 497.0, 0], [814.0, 497.0, 0]]"
317,"[[190.0, 495.0, 0], [190.0, 496.0, 0], [191.0, 496.0, 0], [191.0, 495.0, 0]]"
318,"[[481.0, 494.0, 0], [481.0, 496.0, 0], [483.0, 496.0, 0], [484.0, 495.0, 0], [483.0, 494.0, 0]]"
319,"[[123.0, 493.0, 0], [123.0, 496.0, 0], [125.0, 496.0, 0], [125.0, 493.0, 0]]"
320,"[[625.0, 491.0, 0], [624.0, 490.0, 0], [623.0, 490.0, 0], [622.0, 491.0, 0], [621.0, 491.0, 0], [621.0, 492.0, 0], [622.0, 493.0, 0], [624.0, 493.0, 0], [625.0, 492.0, 0]]"
321,"[[237.0, 495.0, 0], [238.0, 496.0, 0], [240.0, 496.0, 0], [243.0, 494.0, 0], [244.0, 494.0, 0], [245.0, 495.0, 0], [246.0, 495.0, 0], [247.0, 494.0, 0], [250.0, 494.0, 0], [251.0, 493.0, 0], [251.0, 491.0, 0], [250.0, 490.0, 0], [243.0, 490.0, 0], [240.0, 492.0, 0], [238.0, 492.0, 0], [237.0, 493.0, 0]]"
322,"[[893.0, 488.0, 0]]"
323,"[[118.0, 489.0, 0], [118.0, 490.0, 0], [119.0, 491.0, 0], [123.0, 491.0, 0], [123.0, 488.0, 0], [122.0, 487.0, 0], [120.0, 487.0, 0]]"
324,"[[1.0, 487.0, 0]]"
325,"[[69.0, 484.0, 0], [64.0, 489.0, 0], [62.0, 494.0, 0], [58.0, 497.0, 0], [62.0, 498.0, 0], [61.0, 496.0, 0], [63.0, 494.0, 0], [63.0, 492.0, 0], [67.0, 491.0, 0], [71.0, 494.0, 0], [71.0, 497.0, 0], [69.0, 499.0, 0], [72.0, 504.0, 0], [74.0, 505.0, 0], [78.0, 501.0, 0], [78.0, 498.0, 0], [75.0, 494.0, 0], [76.0, 485.0, 0]]"
326,"[[446.0, 482.0, 0], [445.0, 483.0, 0], [445.0, 484.0, 0], [448.0, 487.0, 0], [448.0, 484.0, 0]]"
327,"[[526.0, 481.0, 0], [525.0, 481.0, 0], [524.0, 482.0, 0], [526.0, 482.0, 0]]"
328,"[[284.0, 481.0, 0], [285.0, 480.0, 0], [286.0, 480.0, 0], [284.0, 480.0, 0]]"
329,"[[991.0, 480.0, 0], [992.0, 481.0, 0], [993.0, 481.0, 0], [994.0, 482.0, 0], [996.0, 482.0, 0], [996.0, 480.0, 0], [995.0, 479.0, 0], [994.0, 479.0, 0], [993.0, 480.0, 0]]"
330,"[[719.0, 478.0, 0], [718.0, 479.0, 0], [719.0, 479.0, 0]]"
331,"[[70.0, 477.0, 0], [69.0, 477.0, 0], [68.0, 478.0, 0], [69.0, 478.0, 0]]"
332,"[[243.0, 476.0, 0], [242.0, 477.0, 0], [241.0, 477.0, 0], [244.0, 480.0, 0], [244.0, 482.0, 0], [243.0, 483.0, 0], [243.0, 484.0, 0], [244.0, 485.0, 0], [245.0, 485.0, 0], [245.0, 484.0, 0], [246.0, 483.0, 0], [246.0, 482.0, 0], [245.0, 481.0, 0], [245.0, 479.0, 0], [244.0, 478.0, 0], [244.0, 477.0, 0]]"
333,"[[486.0, 475.0, 0], [486.0, 478.0, 0], [489.0, 478.0, 0], [490.0, 477.0, 0], [490.0, 475.0, 0]]"
334,"[[295.0, 473.0, 0]]"
335,"[[134.0, 475.0, 0], [138.0, 475.0, 0], [140.0, 473.0, 0], [140.0, 472.0, 0], [139.0, 471.0, 0], [135.0, 471.0, 0], [134.0, 472.0, 0]]"
336,"[[4.0, 470.0, 0], [2.0, 472.0, 0], [1.0, 472.0, 0], [1.0, 476.0, 0], [1.0, 475.0, 0], [2.0, 474.0, 0], [3.0, 474.0, 0], [5.0, 472.0, 0], [5.0, 471.0, 0]]"
337,"[[440.0, 470.0, 0], [439.0, 469.0, 0], [438.0, 469.0, 0], [437.0, 468.0, 0], [436.0, 469.0, 0], [434.0, 469.0, 0], [433.0, 470.0, 0]]"
338,"[[1.0, 467.0, 0]]"
339,"[[456.0, 464.0, 0], [457.0, 465.0, 0], [458.0, 464.0, 0]]"
340,"[[217.0, 463.0, 0], [217.0, 464.0, 0]]"
341,"[[187.0, 463.0, 0]]"
342,"[[1023.0, 462.0, 0], [1023.0, 472.0, 0]]"
343,"[[105.0, 462.0, 0], [106.0, 462.0, 0], [107.0, 461.0, 0], [105.0, 461.0, 0]]"
344,"[[298.0, 457.0, 0]]"
345,"[[489.0, 456.0, 0], [488.0, 457.0, 0], [488.0, 458.0, 0], [489.0, 458.0, 0]]"
346,"[[985.0, 455.0, 0]]"
347,"[[292.0, 454.0, 0], [291.0, 454.0, 0], [290.0, 455.0, 0], [289.0, 455.0, 0], [285.0, 459.0, 0], [284.0, 459.0, 0], [284.0, 460.0, 0], [285.0, 460.0, 0], [286.0, 459.0, 0], [289.0, 459.0, 0], [291.0, 457.0, 0], [291.0, 456.0, 0], [292.0, 455.0, 0]]"
348,"[[80.0, 454.0, 0]]"
349,"[[572.0, 452.0, 0]]"
350,"[[253.0, 453.0, 0], [253.0, 454.0, 0], [254.0, 455.0, 0], [255.0, 455.0, 0], [256.0, 456.0, 0], [256.0, 453.0, 0], [255.0, 452.0, 0], [254.0, 453.0, 0]]"
351,"[[194.0, 449.0, 0], [195.0, 450.0, 0], [197.0, 450.0, 0], [198.0, 449.0, 0], [196.0, 449.0, 0], [195.0, 448.0, 0]]"
352,"[[106.0, 449.0, 0], [107.0, 449.0, 0], [108.0, 448.0, 0], [106.0, 448.0, 0]]"
353,"[[80.0, 446.0, 0], [80.0, 447.0, 0], [81.0, 447.0, 0], [81.0, 446.0, 0]]"
354,"[[590.0, 445.0, 0], [590.0, 446.0, 0], [592.0, 448.0, 0], [593.0, 448.0, 0], [594.0, 447.0, 0], [594.0, 445.0, 0], [593.0, 444.0, 0], [592.0, 444.0, 0], [591.0, 445.0, 0]]"
355,"[[490.0, 445.0, 0], [491.0, 446.0, 0], [491.0, 449.0, 0], [492.0, 450.0, 0], [497.0, 450.0, 0], [498.0, 449.0, 0], [498.0, 445.0, 0], [497.0, 444.0, 0], [497.0, 443.0, 0], [493.0, 443.0, 0], [492.0, 444.0, 0], [491.0, 444.0, 0]]"
356,"[[519.0, 440.0, 0], [518.0, 439.0, 0], [517.0, 440.0, 0], [516.0, 440.0, 0], [516.0, 442.0, 0], [518.0, 442.0, 0], [519.0, 441.0, 0]]"
357,"[[562.0, 436.0, 0]]"
358,"[[556.0, 436.0, 0], [557.0, 437.0, 0], [557.0, 436.0, 0]]"
359,"[[691.0, 433.0, 0], [691.0, 434.0, 0], [694.0, 434.0, 0], [694.0, 433.0, 0]]"
360,"[[467.0, 432.0, 0], [466.0, 432.0, 0], [466.0, 433.0, 0]]"
361,"[[1023.0, 431.0, 0], [1023.0, 443.0, 0]]"
362,"[[43.0, 431.0, 0], [43.0, 432.0, 0], [44.0, 433.0, 0], [45.0, 433.0, 0]]"
363,"[[471.0, 431.0, 0], [472.0, 432.0, 0], [474.0, 432.0, 0], [476.0, 434.0, 0], [477.0, 434.0, 0], [477.0, 432.0, 0], [478.0, 431.0, 0], [478.0, 430.0, 0], [477.0, 429.0, 0], [474.0, 429.0, 0], [473.0, 430.0, 0], [472.0, 430.0, 0]]"
364,"[[225.0, 423.0, 0], [225.0, 425.0, 0], [227.0, 425.0, 0], [228.0, 424.0, 0], [228.0, 423.0, 0]]"
365,"[[491.0, 422.0, 0], [486.0, 422.0, 0], [486.0, 423.0, 0], [485.0, 424.0, 0], [488.0, 429.0, 0], [488.0, 431.0, 0], [484.0, 435.0, 0], [485.0, 436.0, 0], [488.0, 436.0, 0], [491.0, 433.0, 0], [491.0, 430.0, 0], [492.0, 429.0, 0], [492.0, 428.0, 0], [490.0, 426.0, 0], [490.0, 425.0, 0], [491.0, 424.0, 0]]"
366,"[[446.0, 421.0, 0], [447.0, 422.0, 0], [449.0, 422.0, 0], [449.0, 421.0, 0], [448.0, 420.0, 0], [447.0, 420.0, 0]]"
367,"[[181.0, 416.0, 0], [181.0, 417.0, 0], [182.0, 418.0, 0], [184.0, 418.0, 0], [184.0, 417.0, 0], [183.0, 417.0, 0], [182.0, 416.0, 0]]"
368,"[[533.0, 412.0, 0], [532.0, 412.0, 0], [530.0, 414.0, 0], [529.0, 414.0, 0], [529.0, 415.0, 0], [528.0, 416.0, 0], [528.0, 417.0, 0], [529.0, 418.0, 0], [531.0, 418.0, 0], [532.0, 419.0, 0], [536.0, 415.0, 0]]"
369,"[[493.0, 409.0, 0], [492.0, 410.0, 0], [492.0, 411.0, 0], [493.0, 412.0, 0], [495.0, 412.0, 0], [495.0, 411.0, 0]]"
370,"[[238.0, 410.0, 0], [235.0, 407.0, 0], [234.0, 408.0, 0], [233.0, 408.0, 0], [232.0, 409.0, 0], [231.0, 409.0, 0], [231.0, 411.0, 0], [238.0, 411.0, 0]]"
371,"[[477.0, 403.0, 0], [473.0, 403.0, 0], [471.0, 407.0, 0], [474.0, 414.0, 0], [471.0, 417.0, 0], [471.0, 419.0, 0], [472.0, 418.0, 0], [474.0, 418.0, 0], [474.0, 415.0, 0], [475.0, 414.0, 0], [479.0, 414.0, 0], [480.0, 415.0, 0], [482.0, 414.0, 0], [482.0, 412.0, 0], [477.0, 412.0, 0], [476.0, 411.0, 0]]"
372,"[[160.0, 403.0, 0], [159.0, 403.0, 0], [158.0, 404.0, 0], [158.0, 405.0, 0], [160.0, 405.0, 0]]"
373,"[[976.0, 403.0, 0], [975.0, 402.0, 0], [974.0, 403.0, 0]]"
374,"[[333.0, 402.0, 0], [332.0, 402.0, 0], [331.0, 403.0, 0], [332.0, 404.0, 0], [333.0, 403.0, 0]]"
375,"[[1023.0, 399.0, 0], [1023.0, 401.0, 0]]"
376,"[[197.0, 399.0, 0]]"
377,"[[95.0, 399.0, 0], [94.0, 399.0, 0], [93.0, 400.0, 0], [94.0, 401.0, 0], [94.0, 400.0, 0]]"
378,"[[522.0, 398.0, 0], [523.0, 399.0, 0], [523.0, 398.0, 0]]"
379,"[[384.0, 398.0, 0], [383.0, 398.0, 0], [382.0, 397.0, 0], [380.0, 397.0, 0], [379.0, 398.0, 0], [378.0, 398.0, 0], [377.0, 399.0, 0], [377.0, 401.0, 0], [379.0, 403.0, 0], [380.0, 403.0, 0], [381.0, 402.0, 0], [382.0, 402.0, 0], [384.0, 400.0, 0]]"
380,"[[142.0, 397.0, 0], [141.0, 398.0, 0], [141.0, 399.0, 0], [142.0, 400.0, 0], [144.0, 400.0, 0], [144.0, 397.0, 0]]"
381,"[[635.0, 395.0, 0], [631.0, 395.0, 0], [630.0, 396.0, 0], [629.0, 396.0, 0], [628.0, 397.0, 0], [628.0, 398.0, 0], [629.0, 398.0, 0], [629.0, 397.0, 0], [630.0, 396.0, 0], [635.0, 396.0, 0]]"
382,"[[482.0, 393.0, 0], [482.0, 397.0, 0], [483.0, 397.0, 0], [483.0, 395.0, 0], [482.0, 394.0, 0]]"
383,"[[303.0, 390.0, 0], [302.0, 391.0, 0], [303.0, 391.0, 0]]"
384,"[[572.0, 389.0, 0], [572.0, 391.0, 0], [571.0, 392.0, 0], [572.0, 393.0, 0], [573.0, 393.0, 0], [575.0, 391.0, 0], [573.0, 389.0, 0]]"
385,"[[535.0, 389.0, 0], [533.0, 389.0, 0], [532.0, 390.0, 0], [532.0, 391.0, 0], [533.0, 391.0, 0]]"
386,"[[461.0, 391.0, 0], [461.0, 392.0, 0], [463.0, 394.0, 0], [464.0, 394.0, 0], [465.0, 395.0, 0], [469.0, 395.0, 0], [470.0, 396.0, 0], [473.0, 397.0, 0], [473.0, 394.0, 0], [472.0, 394.0, 0], [471.0, 393.0, 0], [472.0, 392.0, 0], [473.0, 392.0, 0], [472.0, 389.0, 0], [468.0, 389.0, 0], [465.0, 391.0, 0]]"
387,"[[451.0, 387.0, 0], [452.0, 388.0, 0], [453.0, 388.0, 0], [453.0, 387.0, 0]]"
388,"[[221.0, 387.0, 0], [222.0, 388.0, 0], [223.0, 388.0, 0], [223.0, 387.0, 0]]"
389,"[[151.0, 386.0, 0], [151.0, 387.0, 0], [152.0, 387.0, 0], [152.0, 386.0, 0]]"
390,"[[968.0, 384.0, 0], [968.0, 386.0, 0], [970.0, 386.0, 0]]"
391,"[[194.0, 386.0, 0], [192.0, 386.0, 0], [190.0, 384.0, 0], [191.0, 385.0, 0], [191.0, 386.0, 0], [190.0, 387.0, 0], [189.0, 387.0, 0], [187.0, 389.0, 0], [186.0, 389.0, 0], [186.0, 390.0, 0], [185.0, 391.0, 0], [188.0, 391.0, 0], [189.0, 390.0, 0], [192.0, 390.0, 0], [192.0, 389.0, 0], [194.0, 387.0, 0]]"
392,"[[191.0, 381.0, 0], [190.0, 381.0, 0], [190.0, 382.0, 0]]"
393,"[[7.0, 380.0, 0], [7.0, 381.0, 0], [8.0, 382.0, 0], [8.0, 385.0, 0], [7.0, 386.0, 0], [8.0, 387.0, 0], [9.0, 387.0, 0], [9.0, 380.0, 0]]"
394,"[[594.0, 379.0, 0], [593.0, 379.0, 0], [591.0, 381.0, 0], [591.0, 382.0, 0], [592.0, 383.0, 0], [593.0, 382.0, 0], [594.0, 382.0, 0]]"
395,"[[508.0, 380.0, 0], [508.0, 381.0, 0], [507.0, 382.0, 0], [507.0, 384.0, 0], [508.0, 385.0, 0], [508.0, 386.0, 0], [509.0, 387.0, 0], [512.0, 387.0, 0], [513.0, 388.0, 0], [513.0, 389.0, 0], [514.0, 389.0, 0], [520.0, 384.0, 0], [520.0, 381.0, 0], [518.0, 379.0, 0], [512.0, 379.0, 0], [511.0, 380.0, 0]]"
396,"[[67.0, 380.0, 0], [68.0, 380.0, 0], [69.0, 379.0, 0], [67.0, 379.0, 0]]"
397,"[[207.0, 377.0, 0], [207.0, 378.0, 0], [209.0, 378.0, 0], [209.0, 377.0, 0]]"
398,"[[427.0, 376.0, 0], [427.0, 377.0, 0], [428.0, 378.0, 0], [429.0, 377.0, 0], [428.0, 376.0, 0]]"
399,"[[1023.0, 374.0, 0], [1023.0, 385.0, 0]]"
400,"[[593.0, 373.0, 0]]"
401,"[[987.0, 370.0, 0], [987.0, 371.0, 0], [988.0, 371.0, 0]]"
402,"[[172.0, 372.0, 0], [173.0, 373.0, 0], [174.0, 373.0, 0], [176.0, 371.0, 0], [178.0, 371.0, 0], [177.0, 370.0, 0], [173.0, 370.0, 0], [172.0, 371.0, 0]]"
403,"[[205.0, 369.0, 0], [202.0, 369.0, 0], [201.0, 370.0, 0], [201.0, 372.0, 0], [200.0, 373.0, 0], [201.0, 374.0, 0], [202.0, 373.0, 0], [203.0, 373.0, 0], [205.0, 371.0, 0]]"
404,"[[520.0, 369.0, 0], [521.0, 370.0, 0], [524.0, 370.0, 0], [524.0, 368.0, 0], [521.0, 368.0, 0]]"
405,"[[510.0, 370.0, 0], [511.0, 370.0, 0], [512.0, 369.0, 0], [514.0, 369.0, 0], [515.0, 368.0, 0], [511.0, 368.0, 0], [510.0, 369.0, 0]]"
406,"[[1023.0, 366.0, 0], [1023.0, 369.0, 0]]"
407,"[[129.0, 366.0, 0], [129.0, 367.0, 0], [130.0, 368.0, 0], [132.0, 368.0, 0], [133.0, 367.0, 0], [132.0, 366.0, 0]]"
408,"[[459.0, 366.0, 0], [458.0, 366.0, 0], [457.0, 365.0, 0], [456.0, 366.0, 0], [455.0, 366.0, 0], [454.0, 367.0, 0], [454.0, 370.0, 0], [459.0, 370.0, 0], [460.0, 369.0, 0], [460.0, 368.0, 0], [459.0, 367.0, 0]]"
409,"[[545.0, 363.0, 0], [545.0, 367.0, 0], [546.0, 367.0, 0], [546.0, 363.0, 0]]"
410,"[[147.0, 360.0, 0], [147.0, 361.0, 0], [149.0, 361.0, 0], [148.0, 360.0, 0]]"
411,"[[123.0, 357.0, 0], [124.0, 357.0, 0]]"
412,"[[55.0, 357.0, 0]]"
413,"[[986.0, 356.0, 0], [986.0, 357.0, 0]]"
414,"[[137.0, 357.0, 0], [138.0, 358.0, 0], [141.0, 358.0, 0], [139.0, 356.0, 0], [138.0, 357.0, 0]]"
415,"[[50.0, 356.0, 0], [52.0, 356.0, 0]]"
416,"[[544.0, 355.0, 0]]"
417,"[[215.0, 355.0, 0]]"
418,"[[213.0, 354.0, 0], [211.0, 354.0, 0], [210.0, 355.0, 0], [209.0, 355.0, 0], [209.0, 356.0, 0], [208.0, 357.0, 0], [208.0, 358.0, 0], [212.0, 354.0, 0]]"
419,"[[205.0, 353.0, 0], [204.0, 354.0, 0], [204.0, 356.0, 0], [205.0, 357.0, 0]]"
420,"[[118.0, 353.0, 0], [119.0, 353.0, 0]]"
421,"[[115.0, 353.0, 0], [114.0, 353.0, 0], [113.0, 354.0, 0], [113.0, 355.0, 0], [112.0, 356.0, 0], [112.0, 357.0, 0], [113.0, 358.0, 0], [113.0, 359.0, 0], [115.0, 359.0, 0], [115.0, 356.0, 0], [114.0, 355.0, 0], [114.0, 354.0, 0]]"
422,"[[675.0, 349.0, 0], [675.0, 350.0, 0], [676.0, 350.0, 0], [676.0, 349.0, 0]]"
423,"[[798.0, 348.0, 0], [798.0, 350.0, 0], [799.0, 351.0, 0], [800.0, 351.0, 0], [802.0, 349.0, 0], [801.0, 348.0, 0]]"
424,"[[177.0, 348.0, 0], [176.0, 349.0, 0], [177.0, 349.0, 0]]"
425,"[[774.0, 343.0, 0]]"
426,"[[61.0, 343.0, 0], [61.0, 346.0, 0], [63.0, 346.0, 0], [64.0, 345.0, 0], [66.0, 345.0, 0], [66.0, 344.0, 0], [64.0, 344.0, 0], [63.0, 343.0, 0]]"
427,"[[414.0, 342.0, 0], [414.0, 343.0, 0], [415.0, 344.0, 0], [416.0, 343.0, 0], [415.0, 342.0, 0]]"
428,"[[505.0, 343.0, 0], [505.0, 344.0, 0], [510.0, 349.0, 0], [511.0, 349.0, 0], [513.0, 347.0, 0], [515.0, 349.0, 0], [515.0, 348.0, 0], [514.0, 347.0, 0], [512.0, 347.0, 0], [511.0, 346.0, 0], [511.0, 345.0, 0], [509.0, 342.0, 0], [508.0, 342.0, 0], [507.0, 341.0, 0]]"
429,"[[215.0, 342.0, 0], [214.0, 342.0, 0], [213.0, 341.0, 0], [212.0, 341.0, 0], [211.0, 342.0, 0], [211.0, 343.0, 0], [210.0, 344.0, 0], [210.0, 345.0, 0], [212.0, 345.0, 0], [213.0, 344.0, 0], [214.0, 344.0, 0], [215.0, 343.0, 0]]"
430,"[[83.0, 340.0, 0], [83.0, 343.0, 0], [85.0, 343.0, 0], [85.0, 341.0, 0], [84.0, 340.0, 0]]"
431,"[[859.0, 337.0, 0]]"
432,"[[533.0, 337.0, 0], [531.0, 337.0, 0], [532.0, 338.0, 0], [527.0, 343.0, 0], [528.0, 345.0, 0], [531.0, 345.0, 0], [533.0, 347.0, 0], [533.0, 352.0, 0], [530.0, 356.0, 0], [530.0, 358.0, 0], [533.0, 355.0, 0], [537.0, 354.0, 0], [539.0, 350.0, 0], [538.0, 348.0, 0], [540.0, 346.0, 0], [545.0, 346.0, 0], [545.0, 344.0, 0], [542.0, 341.0, 0], [538.0, 341.0, 0]]"
433,"[[144.0, 338.0, 0], [143.0, 337.0, 0], [142.0, 338.0, 0], [142.0, 339.0, 0], [144.0, 339.0, 0]]"
434,"[[50.0, 337.0, 0], [51.0, 337.0, 0]]"
435,"[[827.0, 335.0, 0], [826.0, 335.0, 0], [826.0, 337.0, 0], [827.0, 336.0, 0]]"
436,"[[483.0, 333.0, 0], [479.0, 333.0, 0], [478.0, 334.0, 0], [477.0, 334.0, 0], [477.0, 336.0, 0], [478.0, 337.0, 0], [478.0, 339.0, 0], [479.0, 340.0, 0], [480.0, 340.0, 0], [481.0, 339.0, 0], [481.0, 338.0, 0], [483.0, 336.0, 0]]"
437,"[[55.0, 333.0, 0], [55.0, 335.0, 0], [57.0, 337.0, 0], [59.0, 337.0, 0], [58.0, 337.0, 0], [57.0, 336.0, 0], [57.0, 333.0, 0]]"
438,"[[98.0, 332.0, 0], [96.0, 334.0, 0], [96.0, 337.0, 0], [97.0, 338.0, 0], [100.0, 335.0, 0], [100.0, 334.0, 0]]"
439,"[[72.0, 332.0, 0], [71.0, 332.0, 0], [71.0, 334.0, 0], [72.0, 333.0, 0]]"
440,"[[499.0, 332.0, 0], [498.0, 332.0, 0], [497.0, 331.0, 0], [496.0, 332.0, 0], [496.0, 333.0, 0], [498.0, 333.0, 0]]"
441,"[[1.0, 331.0, 0], [1.0, 335.0, 0]]"
442,"[[554.0, 331.0, 0], [553.0, 330.0, 0], [551.0, 330.0, 0], [550.0, 331.0, 0], [548.0, 331.0, 0], [547.0, 332.0, 0], [546.0, 332.0, 0], [546.0, 334.0, 0], [547.0, 335.0, 0], [548.0, 334.0, 0], [549.0, 334.0, 0], [550.0, 333.0, 0], [552.0, 333.0, 0], [553.0, 334.0, 0], [554.0, 334.0, 0]]"
443,"[[974.0, 327.0, 0], [977.0, 330.0, 0], [978.0, 330.0, 0], [978.0, 328.0, 0], [979.0, 327.0, 0]]"
444,"[[470.0, 326.0, 0], [470.0, 330.0, 0], [471.0, 331.0, 0], [475.0, 331.0, 0], [475.0, 329.0, 0], [472.0, 326.0, 0]]"
445,"[[642.0, 325.0, 0], [642.0, 327.0, 0], [643.0, 328.0, 0], [644.0, 328.0, 0], [645.0, 329.0, 0], [647.0, 329.0, 0], [648.0, 328.0, 0], [649.0, 328.0, 0], [649.0, 327.0, 0], [650.0, 326.0, 0], [649.0, 325.0, 0], [648.0, 325.0, 0], [647.0, 324.0, 0], [644.0, 324.0, 0], [643.0, 325.0, 0]]"
446,"[[378.0, 320.0, 0], [377.0, 320.0, 0], [376.0, 321.0, 0], [376.0, 322.0, 0], [378.0, 322.0, 0]]"
447,"[[78.0, 321.0, 0], [79.0, 322.0, 0], [83.0, 322.0, 0], [82.0, 322.0, 0], [80.0, 320.0, 0], [79.0, 320.0, 0]]"
448,"[[521.0, 319.0, 0], [519.0, 319.0, 0], [517.0, 321.0, 0], [517.0, 322.0, 0], [518.0, 323.0, 0], [518.0, 326.0, 0], [519.0, 327.0, 0], [519.0, 328.0, 0], [518.0, 329.0, 0], [518.0, 331.0, 0], [520.0, 331.0, 0], [521.0, 330.0, 0], [521.0, 329.0, 0], [520.0, 328.0, 0], [520.0, 327.0, 0], [521.0, 326.0, 0], [521.0, 323.0, 0], [522.0, 322.0, 0], [522.0, 320.0, 0]]"
449,"[[450.0, 319.0, 0], [448.0, 319.0, 0], [447.0, 320.0, 0], [448.0, 321.0, 0], [448.0, 322.0, 0], [445.0, 326.0, 0], [445.0, 332.0, 0], [448.0, 336.0, 0], [449.0, 336.0, 0], [449.0, 335.0, 0], [451.0, 333.0, 0], [451.0, 329.0, 0], [452.0, 328.0, 0], [452.0, 326.0, 0], [451.0, 325.0, 0], [451.0, 320.0, 0]]"
450,"[[70.0, 318.0, 0], [70.0, 319.0, 0], [72.0, 321.0, 0], [73.0, 320.0, 0], [76.0, 320.0, 0], [76.0, 319.0, 0], [75.0, 318.0, 0]]"
451,"[[1023.0, 314.0, 0]]"
452,"[[193.0, 314.0, 0], [192.0, 313.0, 0], [191.0, 314.0, 0], [191.0, 315.0, 0], [193.0, 315.0, 0]]"
453,"[[359.0, 312.0, 0], [358.0, 313.0, 0], [359.0, 313.0, 0]]"
454,"[[526.0, 311.0, 0], [525.0, 310.0, 0], [524.0, 311.0, 0], [524.0, 312.0, 0], [525.0, 312.0, 0]]"
455,"[[252.0, 310.0, 0], [251.0, 310.0, 0], [251.0, 311.0, 0], [250.0, 312.0, 0], [250.0, 315.0, 0], [252.0, 315.0, 0], [253.0, 314.0, 0], [253.0, 311.0, 0]]"
456,"[[150.0, 311.0, 0], [149.0, 310.0, 0], [148.0, 310.0, 0], [147.0, 311.0, 0], [147.0, 313.0, 0], [149.0, 313.0, 0], [150.0, 312.0, 0]]"
457,"[[52.0, 310.0, 0], [52.0, 313.0, 0], [53.0, 314.0, 0], [54.0, 314.0, 0], [54.0, 311.0, 0], [53.0, 310.0, 0]]"
458,"[[83.0, 309.0, 0]]"
459,"[[1.0, 308.0, 0], [1.0, 312.0, 0]]"
460,"[[640.0, 306.0, 0], [640.0, 307.0, 0], [642.0, 307.0, 0], [642.0, 306.0, 0]]"
461,"[[53.0, 304.0, 0], [53.0, 307.0, 0], [57.0, 307.0, 0], [60.0, 312.0, 0], [64.0, 314.0, 0], [67.0, 314.0, 0], [68.0, 313.0, 0], [68.0, 310.0, 0], [67.0, 309.0, 0], [67.0, 307.0, 0], [66.0, 306.0, 0], [64.0, 306.0, 0], [62.0, 303.0, 0], [59.0, 303.0, 0], [58.0, 304.0, 0], [57.0, 303.0, 0], [54.0, 303.0, 0]]"
462,"[[642.0, 301.0, 0], [641.0, 301.0, 0], [640.0, 302.0, 0], [641.0, 303.0, 0], [642.0, 302.0, 0]]"
463,"[[649.0, 297.0, 0], [650.0, 298.0, 0], [650.0, 297.0, 0]]"
464,"[[190.0, 294.0, 0], [189.0, 295.0, 0], [190.0, 296.0, 0]]"
465,"[[139.0, 293.0, 0], [139.0, 294.0, 0], [142.0, 297.0, 0], [142.0, 295.0, 0], [140.0, 293.0, 0]]"
466,"[[145.0, 291.0, 0], [144.0, 292.0, 0], [144.0, 295.0, 0], [147.0, 295.0, 0], [147.0, 294.0, 0], [146.0, 293.0, 0], [146.0, 291.0, 0]]"
467,"[[135.0, 291.0, 0], [134.0, 292.0, 0], [134.0, 293.0, 0], [135.0, 294.0, 0], [136.0, 294.0, 0], [137.0, 293.0, 0], [137.0, 292.0, 0], [136.0, 292.0, 0]]"
468,"[[62.0, 291.0, 0], [61.0, 291.0, 0], [60.0, 290.0, 0], [59.0, 290.0, 0], [57.0, 292.0, 0], [56.0, 292.0, 0], [56.0, 293.0, 0], [61.0, 293.0, 0], [62.0, 292.0, 0]]"
469,"[[269.0, 288.0, 0], [268.0, 289.0, 0], [269.0, 290.0, 0], [270.0, 290.0, 0], [271.0, 289.0, 0], [270.0, 288.0, 0]]"
470,"[[1023.0, 287.0, 0], [1023.0, 292.0, 0]]"
471,"[[684.0, 286.0, 0]]"
472,"[[197.0, 287.0, 0], [197.0, 288.0, 0], [198.0, 289.0, 0], [199.0, 289.0, 0], [200.0, 290.0, 0], [201.0, 289.0, 0], [203.0, 291.0, 0], [204.0, 291.0, 0], [205.0, 292.0, 0], [207.0, 292.0, 0], [207.0, 290.0, 0], [205.0, 288.0, 0], [205.0, 287.0, 0], [204.0, 286.0, 0], [203.0, 286.0, 0], [202.0, 285.0, 0], [200.0, 285.0, 0]]"
473,"[[676.0, 282.0, 0], [677.0, 283.0, 0], [677.0, 284.0, 0], [680.0, 284.0, 0], [680.0, 283.0, 0], [679.0, 283.0, 0], [678.0, 282.0, 0]]"
474,"[[1023.0, 281.0, 0], [1023.0, 283.0, 0]]"
475,"[[618.0, 279.0, 0], [618.0, 281.0, 0]]"
476,"[[104.0, 279.0, 0], [104.0, 281.0, 0], [106.0, 283.0, 0], [112.0, 283.0, 0], [113.0, 282.0, 0], [114.0, 283.0, 0], [116.0, 283.0, 0], [115.0, 280.0, 0], [113.0, 280.0, 0], [112.0, 281.0, 0], [111.0, 280.0, 0], [109.0, 280.0, 0], [108.0, 281.0, 0], [106.0, 279.0, 0]]"
477,"[[17.0, 279.0, 0]]"
478,"[[337.0, 278.0, 0], [338.0, 278.0, 0]]"
479,"[[136.0, 278.0, 0], [136.0, 279.0, 0], [137.0, 279.0, 0], [137.0, 278.0, 0]]"
480,"[[62.0, 278.0, 0], [62.0, 281.0, 0], [63.0, 282.0, 0], [66.0, 282.0, 0], [66.0, 280.0, 0], [64.0, 278.0, 0]]"
481,"[[806.0, 276.0, 0], [805.0, 277.0, 0], [805.0, 279.0, 0], [806.0, 280.0, 0], [806.0, 282.0, 0], [808.0, 282.0, 0], [809.0, 281.0, 0], [809.0, 280.0, 0], [810.0, 279.0, 0], [810.0, 278.0, 0], [808.0, 276.0, 0]]"
482,"[[732.0, 275.0, 0]]"
483,"[[376.0, 270.0, 0], [375.0, 271.0, 0], [376.0, 272.0, 0], [376.0, 273.0, 0], [377.0, 274.0, 0], [379.0, 274.0, 0], [379.0, 271.0, 0], [378.0, 270.0, 0]]"
484,"[[522.0, 269.0, 0], [522.0, 272.0, 0], [523.0, 271.0, 0], [523.0, 270.0, 0]]"
485,"[[397.0, 270.0, 0], [400.0, 270.0, 0], [400.0, 269.0, 0], [398.0, 269.0, 0]]"
486,"[[94.0, 274.0, 0], [94.0, 276.0, 0], [95.0, 277.0, 0], [97.0, 277.0, 0], [102.0, 273.0, 0], [109.0, 272.0, 0], [110.0, 273.0, 0], [110.0, 277.0, 0], [115.0, 278.0, 0], [113.0, 274.0, 0], [114.0, 272.0, 0], [108.0, 271.0, 0], [106.0, 269.0, 0], [101.0, 269.0, 0], [98.0, 271.0, 0], [96.0, 271.0, 0]]"
487,"[[83.0, 271.0, 0], [84.0, 271.0, 0], [85.0, 270.0, 0], [87.0, 270.0, 0], [86.0, 269.0, 0], [84.0, 269.0, 0], [83.0, 270.0, 0]]"
488,"[[118.0, 266.0, 0], [118.0, 267.0, 0], [117.0, 268.0, 0], [117.0, 270.0, 0], [118.0, 270.0, 0], [119.0, 271.0, 0], [120.0, 271.0, 0], [121.0, 272.0, 0], [122.0, 272.0, 0], [124.0, 270.0, 0], [124.0, 267.0, 0], [123.0, 267.0, 0], [121.0, 265.0, 0], [120.0, 266.0, 0]]"
489,"[[226.0, 263.0, 0], [226.0, 264.0, 0], [227.0, 265.0, 0], [229.0, 265.0, 0], [230.0, 266.0, 0], [231.0, 265.0, 0], [233.0, 265.0, 0], [233.0, 262.0, 0], [227.0, 262.0, 0]]"
490,"[[75.0, 262.0, 0], [74.0, 262.0, 0], [71.0, 265.0, 0], [70.0, 265.0, 0], [70.0, 269.0, 0], [71.0, 269.0, 0], [73.0, 267.0, 0], [74.0, 267.0, 0], [74.0, 265.0, 0], [76.0, 263.0, 0]]"
491,"[[186.0, 260.0, 0], [183.0, 263.0, 0], [183.0, 265.0, 0], [184.0, 266.0, 0], [185.0, 265.0, 0], [187.0, 265.0, 0], [188.0, 264.0, 0], [188.0, 262.0, 0]]"
492,"[[257.0, 259.0, 0], [253.0, 259.0, 0], [252.0, 260.0, 0], [251.0, 260.0, 0], [250.0, 261.0, 0], [251.0, 262.0, 0], [252.0, 262.0, 0], [254.0, 264.0, 0], [254.0, 265.0, 0], [254.0, 264.0, 0], [255.0, 263.0, 0], [257.0, 263.0, 0], [258.0, 262.0, 0], [258.0, 260.0, 0]]"
493,"[[900.0, 259.0, 0], [899.0, 258.0, 0], [898.0, 258.0, 0], [896.0, 260.0, 0], [896.0, 262.0, 0], [897.0, 262.0, 0], [898.0, 261.0, 0], [899.0, 261.0, 0], [899.0, 260.0, 0]]"
494,"[[96.0, 257.0, 0], [95.0, 258.0, 0], [95.0, 259.0, 0], [94.0, 260.0, 0], [95.0, 260.0, 0], [96.0, 261.0, 0], [97.0, 261.0, 0], [98.0, 260.0, 0], [97.0, 259.0, 0], [97.0, 257.0, 0]]"
495,"[[846.0, 254.0, 0], [846.0, 255.0, 0], [847.0, 255.0, 0], [848.0, 256.0, 0], [848.0, 254.0, 0]]"
496,"[[119.0, 250.0, 0], [119.0, 251.0, 0], [118.0, 252.0, 0], [119.0, 253.0, 0], [121.0, 253.0, 0], [121.0, 252.0, 0], [122.0, 251.0, 0], [122.0, 250.0, 0]]"
497,"[[75.0, 250.0, 0], [75.0, 251.0, 0], [76.0, 252.0, 0], [77.0, 252.0, 0], [78.0, 251.0, 0], [78.0, 250.0, 0]]"
498,"[[943.0, 249.0, 0], [943.0, 251.0, 0], [945.0, 251.0, 0], [945.0, 250.0, 0], [944.0, 249.0, 0]]"
499,"[[361.0, 246.0, 0], [361.0, 247.0, 0]]"
500,"[[1023.0, 244.0, 0], [1023.0, 246.0, 0]]"
501,"[[247.0, 244.0, 0], [246.0, 244.0, 0], [244.0, 246.0, 0], [243.0, 246.0, 0], [242.0, 245.0, 0], [242.0, 249.0, 0], [243.0, 250.0, 0], [245.0, 250.0, 0], [246.0, 249.0, 0], [249.0, 249.0, 0], [249.0, 248.0, 0], [248.0, 247.0, 0], [248.0, 246.0, 0], [247.0, 245.0, 0]]"
502,"[[357.0, 245.0, 0], [356.0, 245.0, 0], [354.0, 243.0, 0], [351.0, 243.0, 0], [346.0, 248.0, 0], [343.0, 248.0, 0], [342.0, 250.0, 0], [344.0, 250.0, 0], [347.0, 252.0, 0], [350.0, 251.0, 0], [353.0, 254.0, 0], [354.0, 254.0, 0], [354.0, 253.0, 0], [356.0, 251.0, 0], [356.0, 249.0, 0], [355.0, 248.0, 0]]"
503,"[[213.0, 244.0, 0], [214.0, 250.0, 0], [220.0, 253.0, 0], [225.0, 253.0, 0], [226.0, 252.0, 0], [232.0, 251.0, 0], [233.0, 250.0, 0], [233.0, 248.0, 0], [230.0, 246.0, 0], [222.0, 246.0, 0], [219.0, 244.0, 0], [216.0, 244.0, 0], [215.0, 243.0, 0]]"
504,"[[517.0, 241.0, 0], [515.0, 243.0, 0], [514.0, 243.0, 0], [514.0, 244.0, 0], [513.0, 245.0, 0], [513.0, 246.0, 0], [514.0, 247.0, 0], [515.0, 247.0, 0], [516.0, 246.0, 0], [517.0, 246.0, 0], [517.0, 243.0, 0], [518.0, 242.0, 0]]"
505,"[[72.0, 241.0, 0], [71.0, 241.0, 0], [71.0, 242.0, 0], [70.0, 243.0, 0], [69.0, 243.0, 0], [69.0, 245.0, 0], [70.0, 246.0, 0], [72.0, 244.0, 0], [72.0, 243.0, 0], [73.0, 242.0, 0]]"
506,"[[92.0, 239.0, 0], [92.0, 241.0, 0], [93.0, 242.0, 0], [94.0, 241.0, 0], [98.0, 241.0, 0], [98.0, 240.0, 0], [96.0, 240.0, 0], [95.0, 239.0, 0]]"
507,"[[561.0, 239.0, 0], [560.0, 238.0, 0], [559.0, 238.0, 0], [558.0, 239.0, 0], [557.0, 239.0, 0], [557.0, 240.0, 0], [558.0, 241.0, 0], [560.0, 241.0, 0], [561.0, 240.0, 0]]"
508,"[[123.0, 238.0, 0], [120.0, 238.0, 0], [117.0, 241.0, 0], [117.0, 243.0, 0], [119.0, 243.0, 0], [121.0, 241.0, 0], [122.0, 241.0, 0], [123.0, 240.0, 0]]"
509,"[[214.0, 237.0, 0], [213.0, 238.0, 0], [213.0, 240.0, 0], [214.0, 241.0, 0], [214.0, 240.0, 0], [215.0, 239.0, 0], [214.0, 238.0, 0]]"
510,"[[1023.0, 235.0, 0], [1023.0, 237.0, 0]]"
511,"[[923.0, 237.0, 0], [921.0, 235.0, 0], [919.0, 235.0, 0], [918.0, 236.0, 0], [917.0, 236.0, 0], [915.0, 238.0, 0], [915.0, 239.0, 0], [916.0, 240.0, 0], [917.0, 240.0, 0], [918.0, 239.0, 0], [919.0, 239.0, 0], [920.0, 240.0, 0], [922.0, 240.0, 0], [923.0, 239.0, 0]]"
512,"[[37.0, 234.0, 0], [37.0, 235.0, 0], [40.0, 235.0, 0], [39.0, 234.0, 0]]"
513,"[[930.0, 233.0, 0], [930.0, 236.0, 0], [931.0, 237.0, 0], [932.0, 237.0, 0], [932.0, 236.0, 0], [930.0, 234.0, 0]]"
514,"[[550.0, 233.0, 0], [550.0, 235.0, 0], [551.0, 234.0, 0]]"
515,"[[80.0, 232.0, 0]]"
516,"[[86.0, 232.0, 0], [86.0, 234.0, 0], [87.0, 235.0, 0], [92.0, 235.0, 0], [94.0, 233.0, 0], [94.0, 232.0, 0], [93.0, 231.0, 0], [89.0, 231.0, 0], [88.0, 232.0, 0]]"
517,"[[65.0, 230.0, 0], [64.0, 231.0, 0], [65.0, 232.0, 0], [66.0, 232.0, 0], [67.0, 231.0, 0], [66.0, 230.0, 0]]"
518,"[[357.0, 230.0, 0], [357.0, 233.0, 0], [362.0, 233.0, 0], [363.0, 232.0, 0], [361.0, 230.0, 0], [359.0, 230.0, 0], [358.0, 229.0, 0]]"
519,"[[392.0, 228.0, 0], [393.0, 228.0, 0]]"
520,"[[311.0, 227.0, 0], [309.0, 231.0, 0], [309.0, 234.0, 0], [311.0, 236.0, 0], [311.0, 237.0, 0], [316.0, 237.0, 0], [317.0, 238.0, 0], [318.0, 242.0, 0], [322.0, 243.0, 0], [323.0, 242.0, 0], [322.0, 241.0, 0], [322.0, 239.0, 0], [321.0, 239.0, 0], [315.0, 233.0, 0], [313.0, 229.0, 0], [313.0, 227.0, 0]]"
521,"[[115.0, 229.0, 0], [113.0, 227.0, 0], [108.0, 226.0, 0], [104.0, 230.0, 0], [102.0, 230.0, 0], [100.0, 231.0, 0], [98.0, 233.0, 0], [98.0, 234.0, 0], [100.0, 235.0, 0], [103.0, 235.0, 0], [105.0, 237.0, 0], [106.0, 237.0, 0], [108.0, 235.0, 0], [109.0, 235.0, 0], [109.0, 233.0, 0], [112.0, 230.0, 0], [115.0, 230.0, 0]]"
522,"[[242.0, 225.0, 0], [240.0, 227.0, 0], [241.0, 228.0, 0], [244.0, 226.0, 0], [252.0, 231.0, 0], [254.0, 235.0, 0], [253.0, 243.0, 0], [254.0, 244.0, 0], [258.0, 244.0, 0], [258.0, 241.0, 0], [260.0, 240.0, 0], [259.0, 230.0, 0], [254.0, 229.0, 0], [252.0, 231.0, 0], [250.0, 226.0, 0]]"
523,"[[924.0, 222.0, 0], [924.0, 223.0, 0], [926.0, 225.0, 0], [926.0, 223.0, 0], [925.0, 223.0, 0]]"
524,"[[409.0, 221.0, 0], [410.0, 221.0, 0]]"
525,"[[289.0, 221.0, 0], [289.0, 222.0, 0], [290.0, 223.0, 0], [290.0, 221.0, 0]]"
526,"[[376.0, 218.0, 0], [376.0, 219.0, 0], [375.0, 220.0, 0], [375.0, 223.0, 0], [376.0, 224.0, 0], [379.0, 224.0, 0], [380.0, 223.0, 0], [380.0, 222.0, 0], [379.0, 221.0, 0], [379.0, 220.0, 0], [378.0, 219.0, 0], [378.0, 218.0, 0]]"
527,"[[118.0, 218.0, 0], [118.0, 220.0, 0], [117.0, 221.0, 0], [118.0, 222.0, 0], [118.0, 224.0, 0], [119.0, 225.0, 0], [118.0, 226.0, 0], [118.0, 229.0, 0], [117.0, 230.0, 0], [117.0, 231.0, 0], [118.0, 230.0, 0], [120.0, 230.0, 0], [121.0, 229.0, 0], [123.0, 231.0, 0], [123.0, 230.0, 0], [124.0, 229.0, 0], [124.0, 226.0, 0], [126.0, 224.0, 0], [127.0, 224.0, 0], [127.0, 223.0, 0], [123.0, 219.0, 0], [120.0, 219.0, 0], [119.0, 218.0, 0]]"
528,"[[275.0, 218.0, 0], [275.0, 220.0, 0], [276.0, 221.0, 0], [276.0, 222.0, 0], [277.0, 222.0, 0], [280.0, 224.0, 0], [282.0, 224.0, 0], [283.0, 223.0, 0], [284.0, 223.0, 0], [286.0, 221.0, 0], [285.0, 220.0, 0], [285.0, 218.0, 0], [278.0, 218.0, 0], [277.0, 217.0, 0], [276.0, 217.0, 0]]"
529,"[[352.0, 216.0, 0], [351.0, 215.0, 0], [350.0, 216.0, 0], [349.0, 216.0, 0], [349.0, 218.0, 0], [350.0, 217.0, 0], [351.0, 217.0, 0]]"
530,"[[321.0, 213.0, 0], [321.0, 216.0, 0], [323.0, 218.0, 0], [324.0, 218.0, 0], [325.0, 217.0, 0], [325.0, 214.0, 0], [324.0, 213.0, 0]]"
531,"[[304.0, 213.0, 0], [303.0, 213.0, 0], [302.0, 214.0, 0], [301.0, 214.0, 0], [301.0, 219.0, 0], [303.0, 219.0, 0], [303.0, 217.0, 0], [305.0, 215.0, 0], [305.0, 214.0, 0]]"
532,"[[98.0, 212.0, 0], [96.0, 212.0, 0], [92.0, 214.0, 0], [97.0, 218.0, 0], [94.0, 221.0, 0], [93.0, 221.0, 0], [95.0, 225.0, 0], [95.0, 229.0, 0], [96.0, 229.0, 0], [97.0, 228.0, 0], [97.0, 226.0, 0], [99.0, 225.0, 0], [99.0, 222.0, 0], [100.0, 221.0, 0], [100.0, 218.0, 0], [101.0, 217.0, 0], [101.0, 214.0, 0]]"
533,"[[453.0, 210.0, 0], [454.0, 210.0, 0], [455.0, 209.0, 0], [453.0, 209.0, 0]]"
534,"[[367.0, 209.0, 0], [368.0, 209.0, 0]]"
535,"[[251.0, 208.0, 0], [251.0, 211.0, 0], [254.0, 217.0, 0], [258.0, 215.0, 0], [259.0, 216.0, 0], [260.0, 215.0, 0], [262.0, 217.0, 0], [264.0, 217.0, 0], [265.0, 218.0, 0], [265.0, 216.0, 0], [261.0, 216.0, 0], [260.0, 215.0, 0], [257.0, 209.0, 0], [255.0, 208.0, 0]]"
536,"[[378.0, 206.0, 0]]"
537,"[[285.0, 206.0, 0]]"
538,"[[114.0, 206.0, 0], [114.0, 208.0, 0], [116.0, 208.0, 0], [118.0, 210.0, 0], [119.0, 209.0, 0], [119.0, 208.0, 0], [120.0, 207.0, 0], [115.0, 207.0, 0]]"
539,"[[237.0, 206.0, 0], [236.0, 205.0, 0], [235.0, 205.0, 0], [234.0, 204.0, 0], [233.0, 204.0, 0], [232.0, 205.0, 0], [232.0, 207.0, 0], [231.0, 208.0, 0], [231.0, 211.0, 0], [235.0, 211.0, 0], [237.0, 209.0, 0]]"
540,"[[476.0, 203.0, 0], [475.0, 202.0, 0], [470.0, 202.0, 0], [467.0, 205.0, 0], [465.0, 205.0, 0], [464.0, 206.0, 0], [463.0, 206.0, 0], [460.0, 209.0, 0], [459.0, 209.0, 0], [464.0, 209.0, 0], [465.0, 210.0, 0], [466.0, 209.0, 0], [467.0, 209.0, 0], [467.0, 206.0, 0], [468.0, 205.0, 0], [475.0, 205.0, 0], [476.0, 204.0, 0]]"
541,"[[331.0, 201.0, 0], [330.0, 202.0, 0], [330.0, 204.0, 0], [331.0, 205.0, 0], [331.0, 206.0, 0], [332.0, 207.0, 0], [334.0, 207.0, 0], [335.0, 206.0, 0], [335.0, 205.0, 0], [336.0, 204.0, 0], [336.0, 203.0, 0], [337.0, 202.0, 0], [336.0, 201.0, 0]]"
542,"[[342.0, 200.0, 0], [343.0, 200.0, 0]]"
543,"[[823.0, 202.0, 0], [822.0, 201.0, 0], [822.0, 200.0, 0], [821.0, 199.0, 0], [821.0, 198.0, 0], [820.0, 199.0, 0], [819.0, 199.0, 0], [817.0, 201.0, 0], [818.0, 202.0, 0]]"
544,"[[356.0, 198.0, 0], [355.0, 199.0, 0], [355.0, 200.0, 0], [356.0, 200.0, 0]]"
545,"[[310.0, 198.0, 0], [310.0, 200.0, 0], [311.0, 201.0, 0], [311.0, 202.0, 0], [312.0, 203.0, 0], [314.0, 203.0, 0], [316.0, 201.0, 0], [316.0, 197.0, 0], [312.0, 197.0, 0], [311.0, 198.0, 0]]"
546,"[[561.0, 190.0, 0]]"
547,"[[344.0, 188.0, 0], [341.0, 188.0, 0], [338.0, 190.0, 0], [335.0, 190.0, 0], [334.0, 191.0, 0], [334.0, 193.0, 0], [338.0, 193.0, 0], [339.0, 194.0, 0], [341.0, 194.0, 0], [342.0, 195.0, 0], [344.0, 195.0, 0], [345.0, 194.0, 0], [345.0, 193.0, 0], [344.0, 192.0, 0]]"
548,"[[268.0, 188.0, 0], [266.0, 188.0, 0], [266.0, 189.0, 0], [265.0, 190.0, 0], [265.0, 191.0, 0], [266.0, 192.0, 0], [267.0, 192.0, 0], [268.0, 191.0, 0]]"
549,"[[318.0, 188.0, 0], [319.0, 189.0, 0], [320.0, 189.0, 0], [321.0, 190.0, 0], [322.0, 190.0, 0], [323.0, 189.0, 0], [323.0, 187.0, 0], [319.0, 187.0, 0]]"
550,"[[241.0, 186.0, 0], [241.0, 189.0, 0], [244.0, 192.0, 0], [246.0, 190.0, 0], [245.0, 189.0, 0], [245.0, 188.0, 0], [243.0, 186.0, 0]]"
551,"[[282.0, 185.0, 0], [278.0, 188.0, 0], [279.0, 195.0, 0], [285.0, 197.0, 0], [286.0, 199.0, 0], [285.0, 202.0, 0], [289.0, 207.0, 0], [292.0, 205.0, 0], [295.0, 208.0, 0], [298.0, 204.0, 0], [300.0, 204.0, 0], [301.0, 197.0, 0], [300.0, 196.0, 0], [297.0, 197.0, 0], [292.0, 196.0, 0], [289.0, 193.0, 0], [288.0, 187.0, 0]]"
552,"[[174.0, 185.0, 0], [169.0, 198.0, 0], [177.0, 212.0, 0], [165.0, 215.0, 0], [170.0, 222.0, 0], [164.0, 233.0, 0], [166.0, 246.0, 0], [179.0, 256.0, 0], [184.0, 234.0, 0], [174.0, 236.0, 0], [176.0, 242.0, 0], [171.0, 245.0, 0], [167.0, 229.0, 0], [180.0, 228.0, 0], [182.0, 209.0, 0], [186.0, 218.0, 0], [202.0, 210.0, 0], [180.0, 203.0, 0], [180.0, 193.0, 0]]"
553,"[[384.0, 184.0, 0]]"
554,"[[852.0, 185.0, 0], [852.0, 187.0, 0], [853.0, 188.0, 0], [854.0, 188.0, 0], [855.0, 187.0, 0], [859.0, 187.0, 0], [860.0, 186.0, 0], [861.0, 186.0, 0], [861.0, 185.0, 0], [859.0, 183.0, 0], [854.0, 183.0, 0]]"
555,"[[382.0, 184.0, 0], [381.0, 183.0, 0], [379.0, 185.0, 0], [380.0, 185.0, 0], [381.0, 184.0, 0]]"
556,"[[346.0, 183.0, 0], [346.0, 185.0, 0], [347.0, 186.0, 0], [349.0, 186.0, 0], [349.0, 184.0, 0], [348.0, 183.0, 0]]"
557,"[[334.0, 181.0, 0], [335.0, 182.0, 0], [336.0, 182.0, 0], [336.0, 181.0, 0]]"
558,"[[1023.0, 176.0, 0], [1023.0, 179.0, 0]]"
559,"[[179.0, 174.0, 0], [180.0, 175.0, 0], [183.0, 175.0, 0], [184.0, 176.0, 0], [186.0, 176.0, 0], [186.0, 174.0, 0], [183.0, 174.0, 0], [182.0, 173.0, 0], [181.0, 174.0, 0], [180.0, 173.0, 0]]"
560,"[[879.0, 169.0, 0], [879.0, 170.0, 0], [880.0, 171.0, 0], [881.0, 171.0, 0], [882.0, 170.0, 0], [882.0, 169.0, 0]]"
561,"[[806.0, 167.0, 0], [805.0, 168.0, 0], [805.0, 169.0, 0], [806.0, 168.0, 0]]"
562,"[[324.0, 167.0, 0], [323.0, 168.0, 0], [316.0, 169.0, 0], [314.0, 174.0, 0], [315.0, 175.0, 0], [306.0, 181.0, 0], [306.0, 182.0, 0], [313.0, 181.0, 0], [317.0, 185.0, 0], [322.0, 184.0, 0], [323.0, 181.0, 0], [327.0, 178.0, 0], [327.0, 172.0, 0]]"
563,"[[302.0, 165.0, 0], [301.0, 166.0, 0], [301.0, 168.0, 0], [304.0, 168.0, 0], [305.0, 167.0, 0], [304.0, 166.0, 0], [304.0, 165.0, 0]]"
564,"[[275.0, 165.0, 0], [272.0, 166.0, 0], [268.0, 170.0, 0], [269.0, 171.0, 0], [269.0, 172.0, 0], [270.0, 172.0, 0], [271.0, 173.0, 0], [271.0, 174.0, 0], [270.0, 175.0, 0], [270.0, 178.0, 0], [271.0, 178.0, 0], [272.0, 179.0, 0], [273.0, 178.0, 0], [275.0, 178.0, 0], [277.0, 176.0, 0], [277.0, 175.0, 0], [276.0, 174.0, 0], [276.0, 172.0, 0], [275.0, 171.0, 0], [275.0, 168.0, 0], [276.0, 167.0, 0], [276.0, 166.0, 0]]"
565,"[[219.0, 168.0, 0], [219.0, 170.0, 0], [220.0, 171.0, 0], [221.0, 170.0, 0], [223.0, 170.0, 0], [224.0, 171.0, 0], [227.0, 171.0, 0], [230.0, 174.0, 0], [231.0, 177.0, 0], [232.0, 177.0, 0], [232.0, 175.0, 0], [231.0, 174.0, 0], [232.0, 173.0, 0], [232.0, 170.0, 0], [233.0, 169.0, 0], [233.0, 165.0, 0], [230.0, 165.0, 0], [227.0, 167.0, 0], [225.0, 167.0, 0], [223.0, 169.0, 0]]"
566,"[[509.0, 165.0, 0], [511.0, 165.0, 0], [512.0, 166.0, 0], [522.0, 166.0, 0], [523.0, 165.0, 0], [523.0, 163.0, 0], [522.0, 163.0, 0], [521.0, 164.0, 0], [519.0, 164.0, 0], [518.0, 165.0, 0], [517.0, 165.0, 0], [515.0, 163.0, 0], [513.0, 163.0, 0], [511.0, 165.0, 0]]"
567,"[[198.0, 163.0, 0], [199.0, 164.0, 0], [199.0, 165.0, 0], [200.0, 165.0, 0], [207.0, 171.0, 0], [208.0, 170.0, 0], [210.0, 170.0, 0], [212.0, 168.0, 0], [213.0, 168.0, 0], [213.0, 167.0, 0], [210.0, 164.0, 0], [205.0, 164.0, 0], [202.0, 162.0, 0], [199.0, 162.0, 0]]"
568,"[[445.0, 160.0, 0], [444.0, 161.0, 0], [445.0, 161.0, 0], [446.0, 162.0, 0], [446.0, 160.0, 0]]"
569,"[[466.0, 159.0, 0], [461.0, 162.0, 0], [460.0, 166.0, 0], [466.0, 170.0, 0], [472.0, 172.0, 0], [472.0, 174.0, 0], [468.0, 179.0, 0], [467.0, 187.0, 0], [472.0, 183.0, 0], [478.0, 174.0, 0], [475.0, 171.0, 0], [477.0, 166.0, 0], [474.0, 164.0, 0], [471.0, 165.0, 0], [469.0, 161.0, 0]]"
570,"[[429.0, 159.0, 0], [427.0, 159.0, 0], [426.0, 160.0, 0], [426.0, 161.0, 0], [427.0, 162.0, 0], [427.0, 163.0, 0], [430.0, 160.0, 0]]"
571,"[[436.0, 160.0, 0], [436.0, 161.0, 0], [437.0, 162.0, 0], [439.0, 162.0, 0], [440.0, 161.0, 0], [441.0, 161.0, 0], [441.0, 160.0, 0], [439.0, 158.0, 0], [438.0, 158.0, 0]]"
572,"[[568.0, 157.0, 0], [566.0, 157.0, 0], [565.0, 158.0, 0], [566.0, 159.0, 0], [567.0, 159.0, 0], [568.0, 158.0, 0]]"
573,"[[200.0, 157.0, 0], [202.0, 157.0, 0]]"
574,"[[259.0, 163.0, 0], [258.0, 158.0, 0], [249.0, 159.0, 0], [247.0, 157.0, 0], [249.0, 156.0, 0], [248.0, 155.0, 0], [245.0, 158.0, 0], [240.0, 160.0, 0], [238.0, 159.0, 0], [234.0, 160.0, 0], [233.0, 159.0, 0], [232.0, 160.0, 0], [238.0, 166.0, 0], [244.0, 164.0, 0], [247.0, 159.0, 0], [251.0, 159.0, 0], [253.0, 162.0, 0], [257.0, 164.0, 0]]"
575,"[[311.0, 152.0, 0], [311.0, 154.0, 0]]"
576,"[[294.0, 152.0, 0], [293.0, 153.0, 0], [293.0, 154.0, 0], [290.0, 157.0, 0], [290.0, 158.0, 0], [291.0, 159.0, 0], [291.0, 160.0, 0], [293.0, 162.0, 0], [295.0, 162.0, 0], [296.0, 163.0, 0], [298.0, 163.0, 0], [300.0, 161.0, 0], [300.0, 157.0, 0], [301.0, 156.0, 0], [302.0, 153.0, 0], [301.0, 152.0, 0]]"
577,"[[830.0, 151.0, 0], [830.0, 152.0, 0], [832.0, 152.0, 0], [832.0, 151.0, 0]]"
578,"[[438.0, 151.0, 0], [439.0, 152.0, 0], [439.0, 154.0, 0], [441.0, 154.0, 0], [442.0, 153.0, 0], [441.0, 152.0, 0], [439.0, 152.0, 0]]"
579,"[[395.0, 150.0, 0], [381.0, 153.0, 0], [383.0, 163.0, 0], [376.0, 167.0, 0], [377.0, 170.0, 0], [373.0, 175.0, 0], [373.0, 165.0, 0], [371.0, 163.0, 0], [367.0, 165.0, 0], [369.0, 171.0, 0], [368.0, 177.0, 0], [370.0, 180.0, 0], [380.0, 180.0, 0], [380.0, 175.0, 0], [384.0, 171.0, 0], [384.0, 163.0, 0], [388.0, 159.0, 0], [392.0, 160.0, 0], [395.0, 158.0, 0]]"
580,"[[254.0, 150.0, 0], [254.0, 151.0, 0]]"
581,"[[50.0, 151.0, 0], [49.0, 150.0, 0], [46.0, 150.0, 0], [42.0, 154.0, 0], [42.0, 156.0, 0], [43.0, 156.0, 0], [44.0, 155.0, 0], [45.0, 155.0, 0], [46.0, 154.0, 0], [48.0, 154.0, 0], [49.0, 153.0, 0], [50.0, 153.0, 0]]"
582,"[[418.0, 149.0, 0], [412.0, 153.0, 0], [412.0, 161.0, 0], [407.0, 164.0, 0], [401.0, 175.0, 0], [391.0, 174.0, 0], [391.0, 178.0, 0], [394.0, 176.0, 0], [405.0, 178.0, 0], [407.0, 172.0, 0], [416.0, 168.0, 0], [418.0, 170.0, 0], [424.0, 170.0, 0], [421.0, 169.0, 0], [418.0, 164.0, 0], [418.0, 156.0, 0], [420.0, 153.0, 0]]"
583,"[[478.0, 148.0, 0], [478.0, 151.0, 0], [479.0, 152.0, 0], [480.0, 151.0, 0], [483.0, 154.0, 0], [484.0, 154.0, 0], [485.0, 155.0, 0], [487.0, 155.0, 0], [487.0, 153.0, 0], [485.0, 153.0, 0], [484.0, 152.0, 0], [483.0, 153.0, 0], [482.0, 152.0, 0], [482.0, 151.0, 0], [481.0, 150.0, 0], [481.0, 149.0, 0], [480.0, 148.0, 0]]"
584,"[[269.0, 150.0, 0], [266.0, 150.0, 0], [265.0, 149.0, 0], [264.0, 149.0, 0], [263.0, 148.0, 0], [262.0, 148.0, 0], [261.0, 149.0, 0], [260.0, 149.0, 0], [258.0, 151.0, 0], [257.0, 151.0, 0], [257.0, 153.0, 0], [259.0, 155.0, 0], [264.0, 155.0, 0], [266.0, 153.0, 0], [267.0, 153.0, 0], [269.0, 151.0, 0]]"
585,"[[234.0, 147.0, 0], [233.0, 148.0, 0], [233.0, 151.0, 0], [234.0, 151.0, 0], [235.0, 150.0, 0], [235.0, 148.0, 0]]"
586,"[[444.0, 146.0, 0]]"
587,"[[525.0, 145.0, 0]]"
588,"[[427.0, 143.0, 0], [423.0, 143.0, 0], [423.0, 146.0, 0], [424.0, 146.0, 0], [425.0, 147.0, 0], [427.0, 145.0, 0]]"
589,"[[432.0, 143.0, 0], [432.0, 145.0, 0], [434.0, 145.0, 0], [435.0, 146.0, 0], [435.0, 143.0, 0], [434.0, 142.0, 0], [433.0, 143.0, 0]]"
590,"[[367.0, 142.0, 0]]"
591,"[[363.0, 143.0, 0], [362.0, 143.0, 0], [361.0, 142.0, 0], [359.0, 142.0, 0], [358.0, 143.0, 0], [358.0, 147.0, 0], [359.0, 148.0, 0], [361.0, 146.0, 0], [362.0, 146.0, 0], [363.0, 145.0, 0]]"
592,"[[471.0, 141.0, 0], [471.0, 142.0, 0], [473.0, 144.0, 0], [473.0, 146.0, 0], [476.0, 146.0, 0], [476.0, 145.0, 0], [477.0, 144.0, 0], [474.0, 141.0, 0]]"
593,"[[240.0, 141.0, 0], [240.0, 142.0, 0], [241.0, 143.0, 0], [242.0, 143.0, 0], [242.0, 141.0, 0]]"
594,"[[234.0, 141.0, 0]]"
595,"[[293.0, 136.0, 0], [293.0, 138.0, 0], [295.0, 140.0, 0], [300.0, 140.0, 0], [300.0, 137.0, 0], [299.0, 136.0, 0]]"
596,"[[286.0, 134.0, 0], [286.0, 135.0, 0], [285.0, 136.0, 0], [285.0, 138.0, 0], [288.0, 138.0, 0], [288.0, 135.0, 0], [287.0, 134.0, 0]]"
597,"[[429.0, 133.0, 0], [429.0, 134.0, 0], [430.0, 135.0, 0], [432.0, 135.0, 0], [432.0, 133.0, 0]]"
598,"[[382.0, 133.0, 0], [381.0, 134.0, 0]]"
599,"[[422.0, 131.0, 0], [421.0, 132.0, 0], [420.0, 132.0, 0], [419.0, 133.0, 0], [419.0, 134.0, 0], [421.0, 136.0, 0], [423.0, 136.0, 0], [424.0, 135.0, 0], [425.0, 135.0, 0], [425.0, 133.0, 0], [424.0, 132.0, 0], [423.0, 132.0, 0]]"
600,"[[472.0, 128.0, 0], [472.0, 129.0, 0], [473.0, 129.0, 0], [473.0, 128.0, 0]]"
601,"[[985.0, 126.0, 0], [986.0, 127.0, 0], [986.0, 126.0, 0]]"
602,"[[537.0, 126.0, 0], [537.0, 128.0, 0], [538.0, 129.0, 0], [539.0, 129.0, 0], [539.0, 126.0, 0]]"
603,"[[349.0, 125.0, 0], [349.0, 127.0, 0], [348.0, 128.0, 0], [348.0, 129.0, 0], [349.0, 130.0, 0], [349.0, 131.0, 0], [350.0, 131.0, 0], [353.0, 134.0, 0], [356.0, 134.0, 0], [358.0, 131.0, 0], [357.0, 130.0, 0], [357.0, 128.0, 0], [354.0, 125.0, 0]]"
604,"[[264.0, 125.0, 0], [265.0, 126.0, 0], [270.0, 126.0, 0], [271.0, 127.0, 0], [273.0, 127.0, 0], [274.0, 128.0, 0], [275.0, 128.0, 0], [278.0, 126.0, 0], [277.0, 125.0, 0]]"
605,"[[976.0, 123.0, 0], [976.0, 125.0, 0], [977.0, 124.0, 0], [978.0, 124.0, 0], [977.0, 123.0, 0]]"
606,"[[944.0, 123.0, 0], [945.0, 123.0, 0]]"
607,"[[468.0, 123.0, 0], [467.0, 124.0, 0], [466.0, 124.0, 0], [465.0, 125.0, 0], [465.0, 126.0, 0], [464.0, 127.0, 0], [464.0, 128.0, 0], [465.0, 129.0, 0], [467.0, 129.0, 0], [468.0, 130.0, 0], [469.0, 130.0, 0], [469.0, 129.0, 0], [470.0, 128.0, 0], [470.0, 127.0, 0], [471.0, 126.0, 0], [471.0, 125.0, 0], [469.0, 123.0, 0]]"
608,"[[855.0, 122.0, 0], [857.0, 122.0, 0], [858.0, 121.0, 0], [855.0, 121.0, 0]]"
609,"[[349.0, 119.0, 0]]"
610,"[[548.0, 118.0, 0], [548.0, 119.0, 0], [550.0, 121.0, 0], [553.0, 121.0, 0], [554.0, 120.0, 0], [553.0, 119.0, 0], [553.0, 118.0, 0]]"
611,"[[285.0, 118.0, 0], [285.0, 120.0, 0], [287.0, 120.0, 0], [288.0, 121.0, 0], [291.0, 121.0, 0], [291.0, 118.0, 0]]"
612,"[[856.0, 116.0, 0]]"
613,"[[329.0, 116.0, 0], [321.0, 120.0, 0], [318.0, 119.0, 0], [313.0, 125.0, 0], [310.0, 125.0, 0], [309.0, 128.0, 0], [311.0, 130.0, 0], [316.0, 130.0, 0], [317.0, 132.0, 0], [323.0, 135.0, 0], [322.0, 128.0, 0], [323.0, 124.0, 0], [321.0, 123.0, 0], [318.0, 125.0, 0], [316.0, 122.0, 0], [320.0, 120.0, 0], [323.0, 121.0, 0], [326.0, 125.0, 0], [328.0, 123.0, 0]]"
614,"[[414.0, 115.0, 0], [415.0, 114.0, 0], [416.0, 115.0, 0], [417.0, 115.0, 0], [419.0, 113.0, 0], [416.0, 113.0, 0], [415.0, 114.0, 0], [414.0, 114.0, 0]]"
615,"[[475.0, 114.0, 0], [474.0, 113.0, 0], [474.0, 112.0, 0], [473.0, 112.0, 0], [472.0, 113.0, 0], [470.0, 113.0, 0], [469.0, 114.0, 0], [469.0, 115.0, 0], [470.0, 116.0, 0], [473.0, 116.0, 0]]"
616,"[[408.0, 112.0, 0], [408.0, 114.0, 0], [407.0, 115.0, 0], [407.0, 118.0, 0], [408.0, 119.0, 0], [408.0, 122.0, 0], [407.0, 123.0, 0], [407.0, 124.0, 0], [410.0, 124.0, 0], [410.0, 119.0, 0], [412.0, 117.0, 0], [411.0, 117.0, 0], [410.0, 116.0, 0], [410.0, 114.0, 0]]"
617,"[[913.0, 110.0, 0], [912.0, 111.0, 0], [908.0, 111.0, 0], [908.0, 112.0, 0], [906.0, 114.0, 0], [905.0, 114.0, 0], [903.0, 116.0, 0], [901.0, 116.0, 0], [901.0, 119.0, 0], [903.0, 122.0, 0], [903.0, 124.0, 0], [905.0, 124.0, 0], [907.0, 123.0, 0], [910.0, 117.0, 0], [910.0, 115.0, 0], [914.0, 113.0, 0], [914.0, 111.0, 0]]"
618,"[[298.0, 110.0, 0]]"
619,"[[549.0, 106.0, 0], [549.0, 108.0, 0], [550.0, 109.0, 0], [553.0, 109.0, 0], [552.0, 109.0, 0], [551.0, 108.0, 0], [551.0, 107.0, 0], [550.0, 106.0, 0]]"
620,"[[761.0, 105.0, 0], [761.0, 106.0, 0], [762.0, 106.0, 0], [762.0, 105.0, 0]]"
621,"[[751.0, 102.0, 0], [751.0, 105.0, 0], [752.0, 106.0, 0], [753.0, 106.0, 0], [753.0, 103.0, 0], [752.0, 102.0, 0]]"
622,"[[310.0, 102.0, 0], [311.0, 103.0, 0], [311.0, 104.0, 0], [312.0, 104.0, 0], [313.0, 105.0, 0], [314.0, 105.0, 0], [315.0, 104.0, 0], [316.0, 104.0, 0], [318.0, 102.0, 0], [322.0, 102.0, 0], [323.0, 101.0, 0], [320.0, 101.0, 0], [319.0, 100.0, 0], [312.0, 100.0, 0]]"
623,"[[359.0, 100.0, 0], [358.0, 101.0, 0], [355.0, 102.0, 0], [352.0, 99.0, 0], [353.0, 98.0, 0], [352.0, 97.0, 0], [352.0, 99.0, 0], [350.0, 101.0, 0], [350.0, 105.0, 0], [351.0, 106.0, 0], [351.0, 107.0, 0], [353.0, 105.0, 0], [355.0, 105.0, 0], [356.0, 104.0, 0], [357.0, 104.0, 0], [359.0, 102.0, 0]]"
624,"[[586.0, 98.0, 0], [586.0, 97.0, 0], [585.0, 96.0, 0], [584.0, 97.0, 0], [583.0, 97.0, 0], [584.0, 98.0, 0]]"
625,"[[1004.0, 95.0, 0], [1003.0, 95.0, 0], [1002.0, 96.0, 0], [1002.0, 98.0, 0], [1003.0, 99.0, 0], [1004.0, 98.0, 0], [1004.0, 97.0, 0], [1005.0, 96.0, 0]]"
626,"[[454.0, 96.0, 0], [455.0, 97.0, 0], [459.0, 97.0, 0], [459.0, 95.0, 0], [455.0, 95.0, 0]]"
627,"[[436.0, 95.0, 0], [435.0, 95.0, 0], [435.0, 96.0, 0], [433.0, 98.0, 0], [433.0, 99.0, 0], [434.0, 100.0, 0], [436.0, 100.0, 0]]"
628,"[[352.0, 94.0, 0]]"
629,"[[911.0, 93.0, 0], [910.0, 93.0, 0], [909.0, 94.0, 0], [909.0, 95.0, 0], [908.0, 96.0, 0], [908.0, 98.0, 0], [910.0, 98.0, 0], [912.0, 96.0, 0], [912.0, 94.0, 0]]"
630,"[[900.0, 93.0, 0], [900.0, 95.0, 0], [896.0, 97.0, 0], [890.0, 94.0, 0], [887.0, 94.0, 0], [885.0, 97.0, 0], [885.0, 101.0, 0], [886.0, 102.0, 0], [888.0, 102.0, 0], [891.0, 100.0, 0], [894.0, 100.0, 0], [895.0, 99.0, 0], [897.0, 100.0, 0], [899.0, 98.0, 0]]"
631,"[[523.0, 91.0, 0], [519.0, 95.0, 0], [519.0, 96.0, 0], [520.0, 97.0, 0], [522.0, 97.0, 0], [523.0, 96.0, 0], [525.0, 96.0, 0], [525.0, 93.0, 0]]"
632,"[[382.0, 91.0, 0], [381.0, 92.0, 0], [381.0, 93.0, 0], [383.0, 95.0, 0], [384.0, 95.0, 0], [386.0, 93.0, 0], [386.0, 92.0, 0], [385.0, 92.0, 0], [384.0, 91.0, 0]]"
633,"[[405.0, 87.0, 0]]"
634,"[[797.0, 86.0, 0], [797.0, 90.0, 0], [801.0, 90.0, 0], [802.0, 89.0, 0], [801.0, 88.0, 0], [801.0, 87.0, 0], [800.0, 87.0, 0], [799.0, 86.0, 0]]"
635,"[[500.0, 83.0, 0], [498.0, 83.0, 0], [497.0, 84.0, 0], [496.0, 84.0, 0], [495.0, 85.0, 0], [495.0, 89.0, 0], [496.0, 90.0, 0], [496.0, 91.0, 0], [497.0, 92.0, 0], [498.0, 92.0, 0], [499.0, 91.0, 0], [499.0, 90.0, 0], [500.0, 89.0, 0], [500.0, 87.0, 0], [501.0, 86.0, 0], [501.0, 84.0, 0]]"
636,"[[398.0, 82.0, 0], [398.0, 88.0, 0], [399.0, 89.0, 0], [400.0, 89.0, 0], [401.0, 88.0, 0], [401.0, 87.0, 0], [399.0, 85.0, 0], [400.0, 84.0, 0], [400.0, 83.0, 0], [399.0, 82.0, 0]]"
637,"[[506.0, 79.0, 0], [505.0, 80.0, 0], [505.0, 81.0, 0], [506.0, 81.0, 0]]"
638,"[[426.0, 78.0, 0], [426.0, 79.0, 0], [427.0, 80.0, 0], [428.0, 80.0, 0], [428.0, 78.0, 0]]"
639,"[[505.0, 77.0, 0], [506.0, 77.0, 0]]"
640,"[[961.0, 73.0, 0]]"
641,"[[898.0, 73.0, 0], [896.0, 73.0, 0], [894.0, 75.0, 0], [894.0, 76.0, 0], [893.0, 77.0, 0], [893.0, 79.0, 0], [892.0, 80.0, 0], [892.0, 82.0, 0], [895.0, 85.0, 0], [897.0, 85.0, 0], [899.0, 83.0, 0], [899.0, 81.0, 0], [901.0, 78.0, 0], [901.0, 75.0, 0]]"
642,"[[414.0, 74.0, 0], [414.0, 76.0, 0], [415.0, 76.0, 0], [416.0, 77.0, 0], [419.0, 77.0, 0], [419.0, 74.0, 0], [418.0, 73.0, 0], [418.0, 72.0, 0], [417.0, 72.0, 0], [415.0, 74.0, 0]]"
643,"[[874.0, 71.0, 0], [873.0, 71.0, 0], [873.0, 72.0, 0], [872.0, 73.0, 0], [872.0, 74.0, 0], [871.0, 75.0, 0], [870.0, 75.0, 0], [874.0, 75.0, 0], [875.0, 74.0, 0], [875.0, 73.0, 0], [874.0, 72.0, 0]]"
644,"[[796.0, 71.0, 0], [796.0, 73.0, 0]]"
645,"[[494.0, 69.0, 0], [494.0, 70.0, 0], [496.0, 70.0, 0], [500.0, 74.0, 0], [503.0, 74.0, 0], [504.0, 73.0, 0], [504.0, 71.0, 0], [502.0, 69.0, 0], [500.0, 69.0, 0], [499.0, 68.0, 0], [498.0, 69.0, 0]]"
646,"[[433.0, 68.0, 0], [431.0, 68.0, 0], [431.0, 70.0, 0], [432.0, 70.0, 0], [433.0, 69.0, 0]]"
647,"[[385.0, 76.0, 0], [382.0, 76.0, 0], [380.0, 75.0, 0], [378.0, 73.0, 0], [380.0, 69.0, 0], [379.0, 68.0, 0], [377.0, 68.0, 0], [375.0, 69.0, 0], [375.0, 74.0, 0], [371.0, 78.0, 0], [369.0, 78.0, 0], [369.0, 79.0, 0], [371.0, 78.0, 0], [374.0, 78.0, 0], [375.0, 77.0, 0], [380.0, 77.0, 0], [382.0, 79.0, 0], [383.0, 79.0, 0]]"
648,"[[404.0, 67.0, 0], [403.0, 68.0, 0], [403.0, 70.0, 0], [404.0, 70.0, 0], [405.0, 71.0, 0], [406.0, 71.0, 0], [406.0, 67.0, 0]]"
649,"[[392.0, 66.0, 0], [390.0, 66.0, 0], [389.0, 67.0, 0], [389.0, 68.0, 0], [388.0, 69.0, 0], [388.0, 70.0, 0], [389.0, 70.0, 0], [390.0, 71.0, 0], [391.0, 71.0, 0], [392.0, 70.0, 0], [392.0, 69.0, 0], [393.0, 68.0, 0], [394.0, 68.0, 0], [394.0, 67.0, 0], [393.0, 67.0, 0]]"
650,"[[220.0, 65.0, 0], [220.0, 67.0, 0], [223.0, 67.0, 0], [224.0, 66.0, 0], [223.0, 65.0, 0]]"
651,"[[445.0, 64.0, 0], [443.0, 68.0, 0], [445.0, 76.0, 0], [443.0, 78.0, 0], [440.0, 77.0, 0], [439.0, 78.0, 0], [438.0, 85.0, 0], [446.0, 94.0, 0], [448.0, 94.0, 0], [452.0, 91.0, 0], [449.0, 87.0, 0], [451.0, 82.0, 0], [451.0, 74.0, 0], [449.0, 69.0, 0], [452.0, 67.0, 0], [455.0, 68.0, 0], [451.0, 67.0, 0], [449.0, 64.0, 0]]"
652,"[[406.0, 61.0, 0], [405.0, 62.0, 0], [406.0, 63.0, 0]]"
653,"[[390.0, 61.0, 0], [390.0, 62.0, 0], [391.0, 63.0, 0], [392.0, 62.0, 0], [394.0, 62.0, 0], [395.0, 63.0, 0], [396.0, 62.0, 0], [397.0, 62.0, 0], [396.0, 62.0, 0], [395.0, 61.0, 0]]"
654,"[[859.0, 60.0, 0], [859.0, 63.0, 0], [860.0, 64.0, 0], [860.0, 65.0, 0], [861.0, 66.0, 0], [862.0, 65.0, 0], [864.0, 65.0, 0], [864.0, 64.0, 0], [865.0, 63.0, 0], [864.0, 62.0, 0], [864.0, 61.0, 0], [862.0, 61.0, 0], [861.0, 60.0, 0]]"
655,"[[500.0, 60.0, 0], [500.0, 64.0, 0], [501.0, 65.0, 0], [503.0, 65.0, 0], [504.0, 64.0, 0], [504.0, 63.0, 0], [503.0, 62.0, 0], [502.0, 62.0, 0]]"
656,"[[816.0, 59.0, 0]]"
657,"[[817.0, 57.0, 0]]"
658,"[[869.0, 51.0, 0], [868.0, 52.0, 0], [868.0, 53.0, 0], [867.0, 54.0, 0], [867.0, 57.0, 0], [868.0, 58.0, 0], [868.0, 59.0, 0], [870.0, 61.0, 0], [872.0, 61.0, 0], [874.0, 59.0, 0], [874.0, 58.0, 0], [873.0, 57.0, 0], [873.0, 55.0, 0], [872.0, 54.0, 0], [872.0, 53.0, 0], [870.0, 51.0, 0]]"
659,"[[884.0, 50.0, 0], [883.0, 50.0, 0], [881.0, 52.0, 0], [881.0, 56.0, 0], [880.0, 57.0, 0], [880.0, 60.0, 0], [881.0, 61.0, 0], [881.0, 67.0, 0], [883.0, 67.0, 0], [883.0, 63.0, 0], [885.0, 61.0, 0], [885.0, 54.0, 0], [884.0, 53.0, 0]]"
660,"[[816.0, 48.0, 0]]"
661,"[[435.0, 46.0, 0], [433.0, 46.0, 0], [427.0, 51.0, 0], [419.0, 53.0, 0], [413.0, 59.0, 0], [414.0, 60.0, 0], [419.0, 60.0, 0], [422.0, 56.0, 0], [428.0, 55.0, 0], [429.0, 56.0, 0], [434.0, 56.0, 0], [436.0, 60.0, 0], [437.0, 60.0, 0], [438.0, 57.0, 0]]"
662,"[[966.0, 45.0, 0], [965.0, 45.0, 0], [964.0, 46.0, 0], [964.0, 47.0, 0], [963.0, 48.0, 0], [964.0, 49.0, 0], [965.0, 48.0, 0], [965.0, 47.0, 0], [966.0, 46.0, 0]]"
663,"[[427.0, 45.0, 0]]"
664,"[[4.0, 45.0, 0], [4.0, 46.0, 0], [5.0, 47.0, 0], [5.0, 48.0, 0], [6.0, 48.0, 0], [7.0, 47.0, 0], [7.0, 46.0, 0], [6.0, 45.0, 0]]"
665,"[[457.0, 43.0, 0], [456.0, 44.0, 0], [456.0, 48.0, 0], [458.0, 48.0, 0], [459.0, 49.0, 0], [461.0, 49.0, 0], [461.0, 48.0, 0], [459.0, 46.0, 0], [459.0, 44.0, 0], [458.0, 43.0, 0]]"
666,"[[719.0, 37.0, 0], [719.0, 38.0, 0], [718.0, 39.0, 0], [718.0, 41.0, 0], [719.0, 41.0, 0], [720.0, 40.0, 0], [720.0, 38.0, 0]]"
667,"[[476.0, 40.0, 0], [476.0, 43.0, 0], [479.0, 45.0, 0], [480.0, 45.0, 0], [482.0, 43.0, 0], [486.0, 48.0, 0], [490.0, 48.0, 0], [491.0, 47.0, 0], [492.0, 43.0, 0], [491.0, 42.0, 0], [490.0, 38.0, 0], [485.0, 38.0, 0], [484.0, 37.0, 0], [483.0, 38.0, 0], [478.0, 38.0, 0]]"
668,"[[882.0, 33.0, 0], [881.0, 34.0, 0], [880.0, 34.0, 0], [878.0, 36.0, 0], [878.0, 38.0, 0], [881.0, 41.0, 0], [881.0, 42.0, 0], [882.0, 42.0, 0], [884.0, 44.0, 0], [885.0, 44.0, 0], [885.0, 42.0, 0], [887.0, 39.0, 0], [886.0, 38.0, 0], [886.0, 37.0, 0], [887.0, 36.0, 0], [886.0, 35.0, 0], [886.0, 34.0, 0], [885.0, 34.0, 0], [884.0, 33.0, 0]]"
669,"[[594.0, 33.0, 0], [595.0, 33.0, 0]]"
670,"[[598.0, 33.0, 0], [599.0, 34.0, 0], [599.0, 35.0, 0], [604.0, 35.0, 0], [604.0, 34.0, 0], [603.0, 34.0, 0], [602.0, 33.0, 0], [602.0, 32.0, 0], [599.0, 32.0, 0]]"
671,"[[468.0, 32.0, 0], [468.0, 33.0, 0], [469.0, 34.0, 0], [470.0, 34.0, 0], [471.0, 33.0, 0], [470.0, 32.0, 0]]"
672,"[[114.0, 32.0, 0], [115.0, 31.0, 0], [116.0, 31.0, 0], [114.0, 31.0, 0]]"
673,"[[802.0, 27.0, 0], [801.0, 28.0, 0], [801.0, 29.0, 0], [802.0, 30.0, 0], [803.0, 29.0, 0], [803.0, 28.0, 0]]"
674,"[[1023.0, 26.0, 0], [1023.0, 39.0, 0]]"
675,"[[1.0, 20.0, 0], [1.0, 22.0, 0], [2.0, 21.0, 0]]"
676,"[[143.0, 15.0, 0], [141.0, 15.0, 0], [140.0, 16.0, 0], [140.0, 17.0, 0], [141.0, 16.0, 0], [142.0, 16.0, 0]]"
677,"[[204.0, 10.0, 0], [204.0, 11.0, 0], [205.0, 11.0, 0]]"
678,"[[239.0, 5.0, 0], [241.0, 5.0, 0]]"
679,"[[199.0, 4.0, 0], [203.0, 8.0, 0], [204.0, 8.0, 0], [204.0, 6.0, 0], [203.0, 5.0, 0], [201.0, 5.0, 0], [200.0, 4.0, 0]]"
680,"[[157.0, 4.0, 0], [157.0, 5.0, 0], [158.0, 6.0, 0], [158.0, 7.0, 0], [161.0, 7.0, 0], [161.0, 5.0, 0], [162.0, 4.0, 0]]"
681,"[[146.0, 7.0, 0], [148.0, 7.0, 0], [149.0, 6.0, 0], [150.0, 6.0, 0], [151.0, 5.0, 0], [152.0, 5.0, 0], [151.0, 4.0, 0], [147.0, 4.0, 0], [146.0, 5.0, 0]]"
682,"[[1023.0, 0.0, 0], [1023.0, 3.0, 0], [1022.0, 4.0, 0], [1022.0, 10.0, 0], [1023.0, 11.0, 0], [1023.0, 14.0, 0]]"
683,"[[967.0, 0.0, 0], [972.0, 0.0, 0]]"
684,"[[960.0, 0.0, 0], [961.0, 0.0, 0]]"
685,"[[958.0, 0.0, 0]]"
686,"[[924.0, 0.0, 0], [925.0, 0.0, 0]]"
687,"[[778.0, 0.0, 0], [780.0, 0.0, 0]]"
688,"[[729.0, 0.0, 0], [733.0, 0.0, 0]]"
689,"[[685.0, 0.0, 0], [690.0, 0.0, 0], [691.0, 1.0, 0], [692.0, 1.0, 0], [693.0, 0.0, 0], [694.0, 0.0, 0]]"
690,"[[656.0, 0.0, 0]]"
691,"[[642.0, 0.0, 0], [643.0, 0.0, 0]]"
692,"[[618.0, 0.0, 0], [625.0, 0.0, 0]]"
693,"[[327.0, 0.0, 0], [330.0, 0.0, 0]]"
694,"[[266.0, 0.0, 0], [268.0, 0.0, 0]]"
695,"[[246.0, 0.0, 0], [260.0, 0.0, 0]]"
696,"[[239.0, 0.0, 0]]"
697,"[[225.0, 0.0, 0], [228.0, 0.0, 0], [229.0, 1.0, 0], [230.0, 1.0, 0], [231.0, 0.0, 0], [237.0, 0.0, 0]]"
698,"[[198.0, 0.0, 0], [210.0, 0.0, 0]]"
699,"[[171.0, 0.0, 0], [172.0, 0.0, 0]]"
700,"[[71.0, 0.0, 0], [72.0, 0.0, 0]]"
701,"[[47.0, 0.0, 0], [48.0, 0.0, 0]]"
